# Resource object code (Python 3)
# Created by: object code
# Created by: The Resource Compiler for Qt version 6.8.2
# WARNING! All changes made in this file will be lost!

from PySide6 import QtCore

qt_resource_data = b"\
\x00\x00\xc0\x18\
\x89\
PNG\x0d\x0a\x1a\x0a\x00\x00\x00\x0dIHDR\x00\
\x00\x05\xc9\x00\x00\x08\x89\x08\x03\x00\x00\x00\xf3\xf8\x0e~\
\x00\x00\x01\xcePLTE\xda%\x1d\xff\xff\xff\xff\xf5\
\x00\xf7\xca\xc8\xe1I\x17\xed\x94\x8f\xf3\xb7\xb4\xff\xfe\xfe\
\xe7kf\xe4Z\x15\xe0F\x18\xdc(\x1c\xfd\xe6\x02\xff\
\xf2\x00\xff\xfc\xfc\xe5c\x14\xfd\xe5\x02\xfe\xed\x01\xf1\xa4\
\x0b\xfa\xd6\x04\xe5_\x14\xfe\xf7\xf6\xfc\xe3\x02\xfe\xf4\xf4\
\xf6\xc0\x07\xdc*\x1c\xf8\xca\x05\xea~\x10\xf7\xc4\x06\xdc\
.\x1b\xeb\x82\x0f\xe4X\x15\xf2\xa7\x0a\xff\xf9\xf9\xe7l\
\x13\xef\x95\x0d\xdc*\x22\xf2\xaa\x0a\xe3T\x16\xdd3\x1a\
\xf9\xcd\x05\xfd\xe9\x01\xf5\xb7\x08\xf9\xd1\x04\xde7\x1a\xee\
\x97\x93\xe2M\x17\xf2\xaf\xac\xe8sn\xe5_Y\xef\x9e\
\x9a\xdf<\x19\xdd1\x1b\xf3\xae\x09\xdf@\x19\xe7h\x13\
\xed\x8e\x0e\xf8\xd3\xd2\xe8r\x12\xe9y\x11\xfb\xdb\x03\xe0\
C\x18\xdd0)\xfb\xe1\xe0\xde:\x1a\xfc\xea\xea\xf4\xb2\
\x09\xfd\xf1\xf1\xfa\xdd\xdc\xfe\xef\x00\xfd\xee\xee\xf9\xd9\xd7\
\xe9v\x11\xfb\xde\x03\xf5\xbb\x08\xff\xff\xf8\xec\x85\x0f\xef\
\x9a\x0c\xe5]\x15\xe8o\x12\xf8\xce\xcd\xfc\xe0\x02\xfb\xe5\
\xe4\xea{\x10\xec\x88\x0f\xe2Q\x16\xe6e\x13\xee\x92\x0d\
\xf0\x9f\x0b\xff\xff\xf4\xff\xfd\x9f\xeb\x80\x10\xf0\x9d\x0c\xe4\
VP\xe2OI\xf5\xbd\x07\xe0F>\xe0@:\xff\xf7\
\x04\xed\x8b\x0e\xff\xff\xee\xe6f`\xff\xff\xfc\xff\xf9P\
\xde4-\xf0\xa2\x9e\xea\x80|\xff\xff\xe6\xed\x90\x8b\xdf\
=5\xe1JC\xfa\xd8\x03\xef\x9a\x97\xf1\xa6\xa2\xe9x\
s\xff\xfe\xdd\xf1\xaa\xa7\xeb\x85\x80\xf3\xb3\xb0\xea}x\
\xff\xf7\x1c\xf7\xc7\x06\xf7\xc8\x06\xde92\xf6\xc3\x07\xff\
\xfe\xd3\xf6\xc3\xc1\xff\xfd\xad\xff\xf7)\xf4\xbd\xba\xff\xfe\
\xc9\xff\xf7\x0b\xed\x8a\x86\xff\xf83\xff\xf7\x14\xf6\xc7\xc5\
\xff\xfe\xc1\xff\xfd\xb8\xff\xfa^\xff\xfaj\xff\xf9<\xf4\
\xba\xb7\xde7/\xff\xfc\x91\xff\xfau\xff\xfb\x89\xff\xf9\
G\xf5\xc0\xbe\xff\xfc\x98\xf5\xbe\xbc\xff\xfb\x80\xf4\xb9\x9f\
\xfa\xd6G\xf5\xbe\x8b\xe7\x5c\xa6\x00\x00\x00\xbe\x05ID\
ATx\xda\xec\xd4\xc1\x09\xc2\x00\x10\x00\xc1\x88(\x96\
i\x03\xf6\xff\xb5\x85{$\xe4\x16f\x8a\x98\xe3y\x00\
\xd0fr\x80:\x93\x03\xd4\x99\x1c\xa0\xce\xe4\x00u&\
\x07\xa839@\x9d\xc9\x01\xeaL\x0ePgr\x80:\
\x93\x03\xd4\x99\x1c\xa0\xce\xe4\x00u&\x07\xa839@\
\x9d\xc9\x01\xeaL\x0ePgr\x80:\x93\x03\xd4\x99\x1c\
\xa0\xce\xe4\x00u&\x07\xa839@\x9d\xc9\x01\xeaL\
\x0ePgr\x80:\x93\x03\xd4\x99\x1c\xa0\xce\xe4\x00u\
&\x07\xa839@\x9d\xc9\x01\xeaL\xce5\xbe\x1f\xe0\
\x1c?\x93s\x93\xf7\x038\xc7\xcb\xe4\xcc\x98\x1c\xd62\
9C&\x87\xb5L\xce\x90\xc9a-\x933drX\
\xcb\xe4\x0c\x99\x1c\xd629C&\x87\xb5L\xce\x90\xc9\
a-\x93\xff\xd9\xa9C\x02\x00\x00\x00\x86A\xfd[\xbf\
\xc2\xe5\x04\x84\x80\x93\xc9!\xcb\xe4\x9cL\x0eY&\xe7\
dr\xc829'\x93C\x96\xc99\x99\x1c\xb2L\xce\
\xc9\xe4\x90erN&\x87,\x93s29d\x99\x9c\
\x93\xc9!\xcb\xe4\x9cL\x0eY&\xe7dr\xc829\
'\x93C\x96\xc99\x99\x1c\xb2L\xce\xc9\xe4\x90er\
N&\x87,\x93s29d\x99\x9c\x93\xc9!\xcb\xe4\
\x9cL\x0eY&\xe7dr\xc829'\x93C\x96\xc9\
9\x99\x1c\xb2L\xce\xc9\xe4\x90erN&\x87,\x93\
s29d\x99\x9c\x93\xc9!\xcb\xe4\x9cL\x0eY&\
\xe7dr\xc829'\x93C\x96\xc99\x99\x1c\xb2L\
\xce\xc9\xe4\x90erN&\x87,\x93s29d\x99\
\x9c\x93\xc9!\xcb\xe4\x9cL\x0eY&\xe7dr\xc82\
9'\x93C\x96\xc99\x99\x1c\xb2L\xce\xc9\xe4\x90e\
rN&\x87,\x93s29d\x99\x9c\x93\xc9!\xcb\
\xe4\x8c\x9d:$\x00\x00\x00`\x18\xd4\xbf\xf5+L^\
@\x08\x22\x93\xc3-\x93\x13\x99\x1cn\x99\x9c\xc8\xe4p\
\xcb\xe4D&\x87[&'29\xdc29\x91\xc9\xe1\
\x96\xc9\x89L\x0e\xb7LNdr\xb8er\x22\x93\xc3\
-\x93\x13\x99\x1cn\x99\x9c\xc8\xe4p\xcb\xe4D&\x87\
[&'29\xdc29\x91\xc9\xe1\x96\xc9\x89L\x0e\
\xb7LNdr\xb8er\x22\x93\xc3-\x93\x13\x99\x1c\
n\x99\x9c\xc8\xe4p\xcb\xe4D&\x87[&'29\
\xdc29\x91\xc9\xe1\x96\xc9\x89L\x0e\xb7LNdr\
\xb8er\x22\x93\xc3-\x93\x13\x99\x1cn\x99\x9c\xc8\xe4\
p\xcb\xe4D&\x87[&'29\xdc29\x91\xc9\
\xe1\x96\xc9\x89L\x0e\xb7LNdr\xb8er\x22\x93\
\xc3-\x93\x13\x99\x1cn\x99\x9c\xc8\xe4p\xcb\xe4D&\
\x87[&'29\xdc29\x91\xc9\xe1\x96\xc9\x89L\
\x0e\xb7LNdr\xb8er\x22\x93\xc3-\x93\x13\x99\
|\xec\xd4!\x01\x00\x00\x00\xc3\xa0\xfe\xad_\xe1r\x02\
B\x00Y&\xe7dr\xc829'\x93C\x96\xc99\
\x99\x1c\xb2L\xce\xc9\xe4\x90erN&\x87,\x93s\
29d\x99\x9c\x93\xc9!\xcb\xe4\x9cL\x0eY&\xe7\
dr\xc829'\x93C\x96\xc99\x99\x1c\xb2L\xce\
\xc9\xe4\x90erN&\x87,\x93s29d\x99\x9c\
\x93\xc9!\xcb\xe4\x9cL\x0eY&\xe7dr\xc829\
'\x93C\x96\xc99\x99\x1c\xb2L\xce\xc9\xe4\x90e\xf2\
\xb1g\xc7\xacm\x03a\x18\xc7\x9f\x97\xd0\xc8`\xd0&\
DG\x81V\xd7\x967-\x16\xc2FZ\x83w\x9bt\
\x088%\x0eqH\x93\xc1P\x08\x042\xa5K\xe9\xf7\
-\xddZ\x90\xd4;\xdd9\x15w\xcf\xef\x03\xdc{h\
\xf8\xf3r\x22E,9\xd1`\xb1\xe4\xa4\x88%\xa7\xa1\
\x89\xca\xa2>\xfb\xf98}{\xcd\xebu$'\x97\x94\
\xab\xfc\xf5\xed\xe1\xf1\xf9,/\x22\x19\x14\x96\x9c\x14\xb1\
\xe44 U~\x18\xa5\xf8K\x9aM\xbeUr\x22a\
\xfd0\xdb\xe1O\xe3\xcd\x87<\x91\xa1`\xc9I\x91\x07\
%\x0f#%I\x18\x06rB\xcdCm\x9d\x14\xda\xbe\
Z\xf2\xfe\xd7)\x0f{\xb48\xce\x8b@lK\xceF\
h\x96\x9d\x0fd7g\xc9I\x91\x07%\x9fB\xc31\
\xfbz\xfd\x5c\xc7b\xdd\x05\x9a,D_\x8c\x06s\xe9\
/D\x83\x99r\xc8\xd1`\x22\xba\xaa\xf9\x11\x9d\xd2I\
,6\x15#t\xb9/d\x00XrR\xc5\x927I\
\xaf\x0ek\xb1\xea\x0b\x1a\x95,\xf9o\xd5\x13\x14<\x95\
b\xcb*\xc3\xbf\xdc\xd6\xf2\xdf\xb1\xe4\xa4\x8c%o\xb1\
\x9b\xd8\x8cy\x8aFS\x96\x5c\xa4\xba\x87\xa2\xac\x12\x1b\
\xd6[\xa8\x18-E\x1bKNnp\xa7\xe4\x00\xae\xac\
\xb5\xbcD\xb3-K\x1e\xbe@\xc3<\x14S\xe1\x0dT\
]\x8b.\x96\x9c\xdc\xe0T\xc9\x81Qy\xe2K$\xbe\
\x97|\xb5\x87\x96\xcf\xb5(3\x1f\x98E\xa2\x89%'\
'8Vr[k\xd9\x16-.\xfc.yp\x03m\
/\x81\x18\xb8\x83\x96E-zXrr\x82s%\xc7\
&\x16c\x09\xda<y]\xf2\xf0\x0a=d\x89\xf4\x15\
\xce\xa0\xebQt\xb0\xe4\xe4\x06\xf7J\x8e\xf4BL\xe5\
\xed\x87\x07\x1e\x97<\xbeE/\xfbR\xfaI6\xd0w\
\x10\x1d,99\xc1\xc1\x92[X\xcb^\xd0j\xedo\
\xc9\xab\x1dz\x1a\xe7\xd2\xc7\xf2\x08\x05f\x1f\x97%'\
'8YrL\xc5\xcc\x02\xad\x0e\xde\x96|\xb9C\x7f\
\xb5\xe8\x8b\x8f\xe8\xe7N\xd4\xb1\xe4\xe4\x047Kn\x98\
\xf2\x12\xedn}-y\xb4\x87\x81\xf1Jt%\x97\xe8\
\xeb\x87(c\xc9\xc9\x09\x8e\x96\xdc\xec\x81\xe5\x1c\x1db\
?K\x9e\x5c\xc2HZ\x88\x9ep\x8b\xfe\xd4\x87\xb1\xe4\
\xe4\x04WK\x8e\x95\xf4\x97\xa1\xc3\xab\x9f%\xcf`(\
-EG`4p\xb1\x14%,99\xc2\xd9\x92/\
\x22\x83Tv\x99yY\xf2;\x18\xdb\x87zQ4\xb2\
\x15%,99\xc2\xd9\x92c\x13HO5\xba\x8c\x03\
\x0fK\x9e\xc3\x82\x91\xa8\xcb\xdf\xe9O\x09KNnp\
\xb7\xe4\xf8 =\xdd\xa0S\xe1_\xc9\x97)l\xb8\x16\
U\xf1\x02\x86\xc6KQ\xc1\x92\x0f\xca\xa7\x8f \x96\xdc\
\xd6S\xf9wt\x9a\xfbW\xf2_\xec\xdd\xfb\xab\x12A\
\x14\xc0\xf1s\xc6j%i!*6\x0a\x82\xa5\xa5\x07\
\xd1\xc3^$\x94\x22\xcaJ\xd0\xc3\x96\xa2\xa0\x14#\x84\
[d\xa5hRA \x04\xfdt\xfb%\xfa\x7f{i\
\xf48;;;\xb3\xe1\xbas>\xbf\xf6\xb8u\xeb~\
\xdd;\xce\x9c\xe9A6:\xa8\xc6\xe9\x81\xb1*\xaa\xe0\
\x92\xe7\xca\xcd\xfd\xc0\xb8\xe4\x7f{\xec\xa0\x8e0\xe9\xb7\
\xb5\xae\xe4\xdb\x90\x91\xba\x8fJ\x9eB\x06\xb6Q\x05\x97\
<O\xee<\x00\xc6%\xcfh\xadt\x01\x09Z\x96\x95\
\xdc\x0b +3T\xd1\x82,\x04.*\xe0\x92\xe7\xc8\
1q\x07\x18\x97\xfc\x1f\x15\x0f5\x0c!\xc1g\xcbJ\
>\x84\xec\xb4\xd5\xfe\x05\xd6\x7f\xa6\x80K\xbe\x067\x85\
\xb8\x07\x8cKN\xf4\xcd,\x94\xb4\xb2]%\xefB\x86\
\x06\x8e\xea\xbe\x15s[\x0e&\xe3\x92\xe7\xc8u!\xae\
\x00\xe3\x92gr\xd6\xaf\x0d\x89\x5c\x9bJ\xee\x8c K\
cL\xe2\xbe\x83?m\xce\xa1}.\xb9\x91cB\x88\
S\xc0\xb8\xe4\xff\x1a\xfe\x97\xab\x0d\xda6\x95|\x1b\x12\
\x04\x93]m\xcfw\x1d\xd7ou\xa6CH\xe2a\x82\
)H\xbd\xdbYj\x1ep\x1d\xb7\x15ug\x01H\x8d\
0\x19\x97<?\x8e\x8ao.\x03\xe3\x92gq\x19\xfe\
\x08\x12\x9d\xb6\xa8\xe4n\x1d\xa4\xe6\x1d\xe7\xcf\x9f\xdfM\
\x88\xf9s\x94s\xa5y\xfe\x10\xe1o\x9c\xf6\x04d\xba\
\x98\x84K\x9e#W\xc57\x0f\x81\x15\xb8\xe4-\xfc\xc5\
q\xfd\x03^+\x8c\x1a\xed\xee\xd9\x0f\xd5 \xeb\x95\xf2\
\x16${gQ\xc9\xc7 3k\xe1\xbf\x9ae\x909\
\x80R\xaf!\xde3\x8f\xb8w?Gg\xf6\xb9\xe4&\
\xee\x89\xef\x0e\x02+p\xc9=\x8c\x13.\x06 \x13b\
:\xefAAhM\xc9\xfd@\x16\xcaP\xe7\x16\xe5\x9d\
(\xe3lA\x9cO\x1d\xa4,*&\x83+\xb9\xe4\xb9\
qT|\xb7\xe780\x1bK\xfeM\xbb\xaa\xb5\x83\x99\
v\x0e\x14l[S\xf2\xd7zo^\xba3\xdd\x87\xf2\
/\x10g\xe8#\xad\x1d\xe4\xe5\xbf7\x97\xdc\xc4U\xf1\
\xc3m`\x96\x96\x1c\xf1c\x90\xd1F\x13t*\xa0\xa0\
jK\xc9\x9d-\xdd\x1b\xdd\xa6@0\xd9)3q0\
N\xb3np/\x08\x97<'\xce\x88\x9f.\x01\xb3\xb6\
\xe4x\xa0\x9a\xd1<\xf1\x06(q-)y\x17\xe2\xd4\
#\x94+i\x1d\xbe\xacA\x8cg(\x11\xd6\xb5\xcf\xe3\
r\xc9\xf3\xe2\xa8\xf8i/O\xd1\xb2\xb8\xe4\xe8\x0e!\
F\x0f\x09\xa6\x13?:\x96\x94\xbc\x0f1*\x91\xc1;\
\x0e%\x8cU\x06Z\xd5A\x99Z>\x86\xdbr\xc9\x0d\
\xbc\x14K<E\xcb\xe6\x92\xa3S\xce\xe4\xb1l\x00J\
\x9e\xdbQ\xf2\x08\xe2\xd40\xd94\xfd\x8b\xab\x0f\xb4\x81\
\x8br\xa7\x816\xc0\x04\x5c\xf2\x9c8#Vx\x8a\x96\
\xd5%Gw\x00\xb4)\x9ad\x97\xb6eG\xc9\x9f\x9b\
\x8d4y\x96z\xef\xcfB\xfbX@5\x0f\xcb+\x5c\
r}\xf7\xc5\xcau`6\x97\x1c\xc3\xc0\xfc\xa4_\x09\
\x145m(\xb9\x13\x98M\x9eq\x1f\xa7\x1d\xf1\xfeB\
\xfb\xc58\x04Z\x09\xe5\xb8\xe49\xb1O\xfcr\x06\x98\
\xcd%\xc7\x85\xf9\xee\xef\x09\x95- \xbc\xb6\xa1\xe45\
\xa0m\xf9\xa8&\x02Z\xddAR\xd3\xe0\x80\xcfLs\
\x17*\x97<\x17v\x88\x15\x9e\xa2e}\xc9\xf1\x85\xe1\
\xdf\x91~\x08%\xf3\xd2\xb3\xa1\xe4\xe7\x80VCU\xe7\
\xd3M6\x1b\x1b\xcc\xb9\xf1\xb4\xd6\xc1\xb8\xe49qE\
,\xf1\x14-.96Lw\x7fG\xe4\x96\xe4*\x10\
\xfc\xe2\x97\xdc7\xd9M/\x9f\xda\xf2\x0aI\x03\x93\xb5\
\x9c\xd3\xeb?\xe6\xc9%7_\x5c\xe1)Z\x5cr\xc4\
\xaa\xe1\xee\xef)y\x92\xf15\x10j\xc5/y'\x83\
\xa9d_\xd2\xbcwq\xc0\xe8\xe3y\xeb_(\xe7\x92\
\x1b-\xae\xfcr\x18\x98\xdd%o\x1b\xee\xfe\xee\x93\x0b\
\x01M \xcc\x8a_\xf2\x9dY\xac<?N\xb1\xa5\xa4\
d\xf6-@\x0f(\x1fP\x86K\x9e\x0fW\xc4\x12O\
\xd1\xe2\x92\x7f70\x9aB\xeb\x03\xc1\xa5W\xcf\xeb\xc5\
/\xf9\x08Ha\x16\xb7\xa2.\x900\x07J\xcdl\xf8\
\xd9'\x94\xe1\x92\xe7\xc3)\xb1\xc4S\xb4\xb8\xe4\xdf}\
6\xda\x87\xd8\x8dy\x22\x9c\x00\xa1Y\xf4\x92{\x99\x5c\
\xde\xe1\x06\xea\x0f\xda\x81\xd9\x1dn>\x10\xca\xbc\xba\xb2\
\x01v\x8b\x15\x9e\xa2\xc5%\x97\xbcI\xe7\xa3\x92\x19\xbd\
\xdd\x90~\xd8;[\xf4\x92\x97\x80\xd4\xce\xe6\x0e&\x97\
\xda\x83h\xf8\xa9*\xff\xf3Y\xe9\xba(\xc7%\xcf\x85\
'b\x89\xa7hq\xc9\x7f\xaa\x9a\x5c\xe7Y\x8fy\xf4\
n\x01\xa1_\xf4\x92\xcf\x0co\xd9\x90\x1f\xd9\x89T\xef\
\x99\x8bP\xd9B#\xe3\x5c\xf2<8%\xfet\x92\xa7\
h\xd9^\xf2\x8f\xca\xab\xb2j\xcf\x84\x81\x83\xdf|\x02\
\xc2\x81\x82\x97\xbc\x0e\x94\xa7\x98\xd6c\xa0l+.\x93\
\xd7Q]\x04+\x95IM-\xe3\x5c\xf2<\xd8-V\
x\x8a\x16\x97\x5c\x12*x\xa6\xfd\x91\xcf\xc5\xcf\x1f)\
\x15\xbb\xe4\xad\xac.F\x9d\x02e\x8e\xff\xf8d\xba\xf5\
\xc4]f|\xae\x9eq.y\x1e<\x11K<E\x8b\
K.}\x02\x1ci\xefb\xfb\x1c\x7fl}^\xec\x92\
\xd7\xb2\xba\xae>T<{\xe9\x03\xa5\x86)\xf4\x01\x82\
\x94\x19\xe7\x92\xe7\xc0\x09\xb1\xc4S\xb4\xb8\xe4\xf2/&\
_\xf7\xdd\xd20\xfe\x87\x02\xa7\xd0%?\x0bY\xfd\xc1\
\xb7\xd4\xee\x80k\x98\x1f\xd1<?\xeb\xa4\xcc8\x97<\
\x07\xae\x89\x15\x9e\xa2\xc5%\x97?JF\x9a\xbf\xb2.\
\xbbq!*t\xc9\xe7@icz3\xb5\xe3Z\xbb\
\xe8e\xf2M\xc2%\xd7rW,\xf1\x14-.\xf9/\
\x9e\xf6\x91\xed\x0f\x92\xf3\x8cc \x8c\x0b]\xf2\x11P\
|L\xaf\xa46\xa9vB/am\x12.\xb9\xe9\xe2\
\xca/'\x80\xd9]r\xac\xe8n\xfe\xaeK^\x01\x1a\
@\x18\x14\xb9\xe4.P\xfa\xa8\xa1\x05\x94\xb9\xd2\x1b\x9e\
\x0b\xdc$\x5cr\x1d\x97\x05\xe5\x020\xbbK\xde\xd3\x9c\
\x15\x12\x02\xc1\x93v\xcd+p\xc9C\xf3=\x88\xf2\xfd\
\x8c/\x94^:\xda\xb8I\xb8\xe4:n\x88%\x9e\xa2\
\xc5%O\xfaj\xeaa\xa2]\xd2\x9d\x1aC |,\
p\xc9k@\xe9\xa2\x8e2P\xf0O\xde\xdag\xd2r\
\xc9\xd7\xe3\x90X\xe2)Z\x5c\xf2\xa4\xd1+\x01&\xaa\
J\x0b\xb7M\xe6\xb3\xc0%\x9f\x02%D\x1dc\x95\xcd\
+\x0d\xa0\xe0F\xe1\x92k\xb8,H{.\x02\xb3\xba\
\xe4m\xa0\xb8Z}\xec\xc8\x17\x1b*NqK\xfeL\
\xeb\xd3H\xeb\x02%R8\x9d\xdb\xc7\x8d\xc2%7Y\
\x5c\xe1)Z\x5c\xf2\xdf\x85zW\xacw\x80\xe0'\xac\
\xf56\x8a[\xf2*\x10\x06\xa8%TY\xa9\x19\xaf\xfd\
\x16N.\xf9Z\xbc\x15K<E\x8bK\x9e\x98*h\
\xe8|\x11\xf6\x93\x9eQ\xcf\x17\xb7\xe4\xa3\x0c\xc3\xea\x02\
e\xaa\xb0\x7f}\x8c\x1b\x85K\x9e\xde\x05\xb1\xc2S\xb4\
\xb8\xe4\xbfs\xf4\x0e}\xbfK\xe8H\x09\x08\xa3\xe2\x96\
<&\xbez\x02 \xcc\x14\xae\xd3\xfe\x82\x1b\x85K\x9e\
\xde\x11\x11\xe7\x160\x9bKNg\xe3\xbd\xce\x9e\xe7F\
R\x90\xa1\x95\x97\x92\xd7\xab\x8azj%w3\xbd\x13\
\xb3\x0f\x84\xb2\xc29\x80\x0en\x14.yzoD\x9c\
G\xc0\xac.9\xd9\xaa\xd7:7\x07\xbb\x89\xa3\xb9\xbe\
\xe4\xa5\xe4fN+\x1e\x95m\xa0\x9ey\xf2\xbb\x99\x0e\
P\x9a\xb8Q\xbe\xb2wo=M\x05A\x00\xc7g\xb7\
j\x89\x95\x1a1U\xbc[\xad\x82WZ\x8c\x17P\x8b\
\x95\xa6E\x83\xa6)\x1aM\xb0^b\x9a\x08\x01\xa4\x86\
KTBBB\xc2\x13\xbe4~_\xd1\x1e/\xd1\xd1\
\xb3s\xbajwv~\xcf\x08D\xf4OY\xe6\xccJ\
\xc9\xdb8\x5c\x91-ZRr\x83\xe9\xe5\xc1\x08\x7f(\
\x17~\xf7M\x9dk\xc9\x0b\x80\x19U\xd1L\x85\xafT\
I3\x18'\x97\x92\xd3M\xea\x80l\xd1\x92\x92\x9b\xcc\
\xcf\xadG\xa8\xe3R\xf8p\x0b$\x99\x96\x9c>\xcbI\
\xbf\x96\xd9\xe0\x87\x80\xb4r\x8a\x94\x9c\xec\xb0\x0e\xc8\x16\
-)\xf9Of\x00\x91\x8d0\x84^0\x08h\x99i\
\xc9\xf1\xe2\xc4U4\x95\xf0\xef\x0b\x05\xc0\xdf\xc4)R\
r\xaa[\xfa+\xd9\xa2%%\xff\xc9  j\xf4?\
\x93\x89\x1b\x9c\xbfogZ\xf2%@dTD\xe5\xf0\
\xa3\x93\xa2\x94\xdcG\x87t@\xb6h\xf1(\xf9\xe8\xfc\
7h0\xa7\xe71%\xf3o\x05\xb3\xf4\x9b\x86\xb2&\
\xef\xf7\x03\xd3\x927\x00\xf1BET\x05L!\xfce\
{\x5c9EJN\xb5\xa2\x03\xb2E\x8bG\xc9G \
\x8a\xb2\xf9\xa1l\x82^\xdb\xa6Q\x8eJ<K>\x08\
\x88\x9c\x8a\xa8\x14>\x09\xf3\x91\xc1\xda\x15)y\xe4\xc3\
\x15\xdc3\x10\x1e\x97|\x83\xde\x84U\x93F\xc73\x80\
\xd8\xe4Y\xf2\x0b\xe4_6\xd0\xaf\xff(\x1a\x1c\xe7\xb8\
EJN4\xa1\x03\xb2EKJ\xfe\x8b\x18\xbd\xe4Y\
\xa3{\xc7\xb2\x80\xc8\xf1,\xf9\x8c\xd5-(i\xc0\x94\
C\xcf\xae\xde+\xb7H\xc9\x89z\xf5\x9f\x9d\x00\xe1o\
\xc9\xe9'\xae\xf1\x84Q\xb6\x9a\x80I\xb2,\xf9\x22 \
f\xfeb\xc9\x1b\xf8\xc6.\xb7H\xc9i\xce\xeb\xafd\
\x8b\x96\x94\xdc\xf0\x8e\x84$\xf5\xa3W\x0co1\x1bb\
Y\xf2e@l\xb7\xfb)W\x0c&\x8e\xdc\x22%\x8f\
x\xb8\x22[\xb4\xa4\xe46J\xde0\x1c||\x05\x88\
u\x96%\xcf\x02b\xde\xee\xa7\x1c\x0b=\x98\xaf+\xb7\
H\xc9#\x1e\xae\xc8\x16-)y\xa0\xad\x871\x9f\x1b\
\x8e-\xae\x03\x22\xcf\xb2\xe4u\xf2-\x9e\xf4\xfd\x94\x1b\
\x06\xcfs\xb9EJNr\xbe[\x07d\x8b\x96\x94\xdc\
\xb4\xe4i\xea\xa2W\xe3W\xfb\x05\x8e%\xcf\x01\xa2a\
\xb7\xe4\xcd\xd0\xef\x92\xcb\xca-Rr\x92\xeb: [\
\xb4\xa4\xe4\x88\x22\xb5\xe41\xd3\xf7\x9d\x06\xcc\x12\xc7\x92\
\xd7\x00\xb1`\xb7\xe4k\xea\x07\xd3\xf2\x9a\xdc;\xcft\
@\xb6hI\xc9\x8dK\x9e\xa2\xed\x5c\xc5\xcb?\x07\x88\
\x1a\xc7\x92?\xb5\xfc\x9a<t%\xf0\x1b9'\xf7M\
_\xb7\x0e\xc8\x16-)9\xa2L,y<c|\x15\
\xf0\x14`\xd2\x0cK^\xb3\xfaY'!\xf4\xf6\x8fe\
\x99]\xf1\xcd\x98\x0e\xc8\x16-)9f\x88\x98\xdb*\
 \x1a\x84\x97\xfb\x15\x86%\xcf\x85\xbc\x99\xf5\xd9\x95E\
@\xcc)\xb7H\xc9)\xee\xea\x80l\xd1\x92\x92c*\
\xc4\x92\x0f\x00b\x84P\xa4i\x86%\xef\xfa\x07O\x06\
UBgW^(\xb7H\xc9i\x87+&&@x\
Z\xf2\x18q\x0a\xf1)\xe1\xcds\x80\xc80,y\x16\
\x10\xebvK>\x14:O\x9eWn\x91\x92\x13\x0c\xeb\
\x80l\xd1\x92\x92+\xcc*\xad\xe4i\xca6\x95\x1d\x80\
\xa9\xf2+\xf9\xb2\xd5\xa1\xc0\xfd\xe1_\xbeA\xd9\x85\xe8\
\x99\xb3: [\xb4\xa4\xe4\x0a\xb3F\xdb\xbbR\xa1L\
\x16\x16\x00\xb3\xc0\xaf\xe4\x8bVGIJ\xe1\xbb\x10\x1b\
Rr\xbf|?\x5c\x91-ZRr\x85\xd9Ak\xc2\
\x22\xe9i\x9f\x0c \xe6\xf8\x95|\xdd\xea/ G\xc2\
\xf7\x93\x0f\xc8M\x13\x0ex8<<6v}bb\
\xe2\xd0\xe4\xe4\xe4\xd1\xf1\xf1\xf1\x07\x0f^\xbe\xbc\xb6\xe5\
\xd1\xa3\x93[\xee\xdd\xbb\xf7\xe4\xc9\x93\xc7\x8f{zz\
\x8e\x1f?~\xea\xd4\xe5-\xb7o\xdf>\xbb\xe5\xee\xdd\
g\xbd\xbd\xbd++\x87\x0f\xbf}\xf7\xee`\x7f\x7f\xff\
km\xe8r_\xdf\xf9\xcfn\xb5\x5c\xfa\xe2J\xcb\xcd\
/v\xb6lk\xb9\xd8\xf2\xb0\xe5t\xcb\xb1\x00\xdf=\
.\x1dR\xf2t\xe5\x9b, \x06*\x98\x94\xc2\x0c\xd0\
J\x9eG/~#\xcd\x9eC\xea\xbf\x97\xbc6bh\
#\xbc\xe4\xf6\x8f\xad\xcb\xe1\x0f\xc7.\xc9\xedo\x0e8\
p\xad[;l\xef1`\xabCJn\xf3\x1e\xcf\x06\
\xe9\xce\xa0\x02\xed\xd9\xc2\x18`b\xff\xbd\xe4Y\x85\x89\
\xbe\x9a`\xc1\xeaaG,\xfc\x1e\xcf\xa6\x94\xdc\x09;\
W\xb4\xab\xf6<\xe0\xfb\x8a\x9ce\xc9\x07I\xf3lK\
\x80h\xd2\xba\x0co\xd8\x95\xfc\xa3\xd5\xb0n\x02&m\
\xf2\x14\x80S<(9\xc0\xd8\x19\xed\xa4\xb3W\x803\
\x86%_$]\xedS#^\xce9\x0b\x88L\x9c[\
\xc9\xf1\xb0\xeeW\xd1\xcc\x03&\x1e~\x94>\xaa\x9c\xe2\
E\xc9\xe1\xd6e\xed\x9e;W\x817\x86%\xaf\x03b\
\x9a2\x83\x98'\xffg\x1d\xe1Vr<\xacU\x15\xcd\
\x9b\xf01\xfc\x12\xe0\x1f\xd0)~\x94\x1c`\xf7\x1d\xed\
\x96\xee\x93G\x809\x86%\x7fN\xb9$\xa1L\xbd\xaf\
\xb2\x0c\x98)n%/\x00\xa6\xa2\xa2\x99\x0b\x9f\x84I\
\x01fH9\xc5\x97\x92\xc3\x91{\xda%o\xb7\x01{\
\x0cK\x9e\x00\xc4\x80\xc2\xcd\x00\x227\xf5{\xeb\x80y\
\xc1\xad\xe4\xfb\xa9\x0b|\xe9_\x92.\x83\xd9\xca\xa6r\
\x8a7%\x07x\xd8\xaf]\xb1k\x0c<\xc0\xaf\xe4x\
\x126\x14\xee\x15\xd8\xb1\x9fY\xc9\x93`q\xf1J\x1a\
\x0c~\xf2\x01LC9\xc5\xa3\x92Cb|\x8fvB\
O\x1f\xf8\x80_\xc9S\x80)+T\x09,YeV\
r\x05\x16\xb7\xcc\x16L*\x9d\xc77\xbd8\xc5\xa7\x92\
\x03\x5cy\xa6;\xdf\xb9\xd3\xe0\x07~%'\xfd\xeal\
\x13,\xe9\xe2V\xf29\x0b\xcf\x5c\x92\x86\xf0\xeb\x0c\x16\
\x94\xfbUr\x80\xe1]\xba\xb3\xed\x19O\x80'\xf8\x95\
\xbcH9\xfd\xa8\x83%\x89$\xb3\x92O[\x9c\x0a\x1c\
\x04L\xd5\xa0\x82\x19ESN*\x22)y;\xce\x9f\
\xd2\x9d\xec\xb6G\xcb\xcd\xf9\x95\xbcBx1\x99\x04k\
\x8a\xccJ\xbe`q\x96$g\xb2\xe2`\xcd\xc6\xa3A\
\x89|#\xa5(\xa4\xe4m\xba\x7fCw\xaa\x1b\xbb\xc1\
#\xfcJ\xbe@\x98-)\x825\xf3\xccJ^\x01{\
w2g\x00\x137\x19\xef\xac\xd2w.N\x17\x14\x81\
\x94\xbcMGNv\xe6*\x96\xeeG\xecG\xc8\x99\x97\
<Kx\x9c\xfe\x02X3\xcb\xac\xe4U\xc0\xd4\xec\xed\
\xb4}n\xf4V1EQ\x09>\xcb!eLJ\xde\
\xb6\x8b\x07u\xe7\xe9\xdd\x09~\xe1W\xf2<a\x9am\
\x16\xec\x19\xe5U\xf24X\xdb\xbc\xb2j\xb4\xab&\x09\
\xed_\x1dz\x01\x02\xefw$\x95\x11)\xb9\x05\x89\xc9\
N\x1bH\xdc7\x0c\xbeaW\xf24\xe1\xa5\xdd(X\
\xb4\xc6\xab\xe4*\x01\x98\xa2\xa2[6;\xa8\xc9\x03\xe2\
\xa9\xa2x\x0a\xdfd\xb6\x8f*\x03Rr+.\x9d\xd5\
\x9d\xe4\xb1\x1f#\xe4\xbcK^%\x1c\xb76\xc1\xa2:\
\xb3\x92\xe7\xac=\xaa\x937\x9b\xf0\xef\x02L2\xfa\xdf\
L\xd7\x88\x0a%%\xb7\xe4\xc4>\xdd)\xfa}\x19!\
\xe7]\xf2&\xe1*\x88.\xb0)\xc9\xab\xe4\x0d\xc0<\
Wd\x05@\xa5\xccn\x08\xa9\xb6\xf3\x91\xe6bq\x15\
BJnI_\x8f\xee\x08{&\xbd\x19!\xe7]\xf2\
\x19\xf3\xe5\x86\xc9\x04\xd8T\xe6U\xf22\xa0J\x8a\xaa\
\x01\x98\xbc\xe1 \xd1f{\xfft\xf2\x0bi\xf5'R\
\xf2O\xec\xdd\xd7\xab\x13A\x14\xc7\xf1\xdf\x19\xcbF\x17\
W,1\x0a\x8a\x06\x16{\x8b=\x96h4\xc6\x82u\
m/\x96\x5c\xe4B\x14k\xb0\x80\x8a \x08>\xe9\x8b\
\xf8\xff\x8a\xbd\x9d\xdd\x9d\xb3\x99\xac:{>\xcf\xca\xe2\
\xcd\xcd7\xeb\xe4\xcc\x8e;+\x17\x99\xbfo\xe7!T\
\x93w%\xbfg?\xbar\x10N\xdd\xf1\xab\xe4u8\
\x9aC\xbc\x0b\xbb\x97\xa4\x09NK\xb4L\xce\xe9R\x06\
-\xf9'\xde\x9c\x0dw\x7f1\xaa\xca\xb7\x92\xd7\x057\
v\xb7\xe0\xd4\xd0\xaf\x92S\x07\x9c)\x12\xeaZ\xff\xe2\
=\x1fsoP\xa3\xc0\xb8\x8d\x96\xdc\xa9\x99\xcb\xcd_\
4o\x8f\xcf\xc7\xbbU\xac\xe4o\x04\x8b\xadSp\xab\
\xefW\xc9G`%N\xce\x0b\xc2A\xdb\x07\x04\xb4%\
\xd3\x8e\xf2\x95}-\xb9S\xe1\x85u\xe6o\xb9q\x00\
\x15\xe6[\xc9\x05\x03\x10\x0d86\xdb\xaf\x92\xbf\x05k\
D\x22Ql}\xa7\xfc\x01\x9c\xdbdk\x1a\x9cY\x94\
IK\xee\xd8\xa1\xc3\xe6\xafXr\x16\x95\xe6Y\xc9#\
p\xee\x11\xe7\x0d\x1ck\xf9U\xf2>xGH\xe2\x15\
X-\xeb\x0b\x86M\xc1\xcfE|\xce\x91\x96\xdc\xbd\xcb\
\xe7M\xf9\xae\xee@\xb5yV\xf2\xb6\xe0\xb6l\x04\xd7\
\x9a^\x95\x9c\x86p\xb0\xed\xf2.Xo\xed/\xf8\xca\
z\xfe\xf4\xaf\x1f\xea\xac%\xffl\xc7US\xb2\xb5\x9b\
Qu\x9e\x95\x5c\xb0\xd4\x1a\xc4p\xad\xedW\xc9S\xba\
\x146\xc8\xde\x1b\xf0\xfa\xf6\x17\x1c\x90\x9d)p\x86\x94\
IK>\x11\xab7\x98\x12\xad\xbbP\xcd\x11r\x8fK\
^\x17L/$p\xee\xb5_%\xefa\xec\x95\xf2h\
\x08\xd6s\xc1i\xd7\xe8\xd9\xfew\xec\xaf\x9f:\xa4%\
\xfff\xd9\xcd\xa3&\x9d\x8e\x90\x7f\xa2%O\xb7I\xb0\
~\xfd\x08\xceu\xfc*y\x84\x14\x89`W\x10\xef\x81\
\xe4\x82\xd7\xc9\xc65\xfc\xfd\xd3\xf9\xb5\xe4?\xcc}a\
J\xb1\xe8\x0c\x94o%o\x86\x82\x85\xd6{p\xaf\xeb\
U\xc9\xa9\x06\xde\xf5\x80\xec\x1c\x09e\xe7rL\x17\xff\
\xd22\x01\xafI9\xb4\xe4\x93r\xbc\x84\x81\xc4\xa37\
+<B\xeeo\xc9\xef\x08\xbe\xf3\xaac\x02\xb6\xf8U\
r6;\xfc\x9f\xe7]\x03\xaf\x13H&\xc21\x15Q\
\xae\xe9\xa2\xf7\xf3Z\xf2\x89\xd9\xb8\xd3L\xd8\xc9]P\
\xfe\x95\xfc\x18XS\xf6\x87\xc4\xc5\xe7\xda\x96\x1e\xf0\xdd\
\xf0\xab\xe4Q\x8c\x14=\xc1\xf9\x9d\x82\x7f~\x14\x82u\
\x87\xf2\xbc\xb4\xf8l\xe5i\xc9'h\xfe\x093A\xe7\
wCyX\xf2\xe6\x10\xac[\xc4\xb9m\xdfC\xc1-\
}\xd3\xab\x92\xd3\x1d\xa4\x186\x04\x9f\xac\x82\xc7p\xdd\
.\xf8\xc9Q\x8f\xf3\xaf\xc4\xd3\x92O\xd4\x8a\xd3fR\
\xe6\x9d\xae\xfa\x08\xb9\xa7%\x0fj\xa27s\x0c\xc6\x07\
\xb26\x00\xe7\x9c_%O\x90f\x10Q\x9en\x0c@\
x\x86\x5c\x0f\xbca=wm\xe5\xafo\xd5\xd7\x92\xb3\
6\xaf5\x13\xf1LG\xc8\xfd,y4-\xcaFW\
\x10}\xc1\xe3\xb7n\xfbUr\x1a M+\xa0l\x8d\
wH\xf3\x86R=\x07\xefzD\x19\x9e\xe0\x9fX\x5c\
\xd1\x92s\xc2S\x0b\x8cs\xeb\xf6\xe9\x08\xb9\x9f%\x8f\
Z\xa2l\xf0W\xe9\x90\xbd\x83\xe0\xc4\x81_%\x7f\x85\
T\xad\x88\xb2\xf4\x9f#M\x98\xf17\x1f!E-\xc8\
\xdc\xdd\xf9O,\xaeh\xc9y\xbbn\x18\xc7Vm\x84\
\xf2\xb2\xe4\xe7\xde!E\x1c\xd9OU\xdc\x96\xf44\x04\
'\xf1\xab\xe4Q\x8cT\xf7\xea\x94.\xe9\x00E&_\
\x1a\x05>9^\x02\xf8\x17&W\xb4\xe4\xa9\xf6.1\
\x0emX\x09\xe5e\xc9\xbb5\xa4\xba#:\xb7Y\x80\
\xbf\xe6#\xbfJN\x0f\x91\xae\xd3\xceY\xee\xe0\x85u\
\xca\xf0\x1ai\xae5\xf2C.\x7fA\xb5\xe4\xa5X\xb3\
\xca\xb8\xb2\xe0\xa2\x8e\x90\xfbX\xf2\xa0\xff\xea\x1e2t\
\x05[\xbb\x1b$\xf0\x1e\x9c{\x9e\x95\xbc\x19#\xc3\xeb\
\x888\x8did\x98EY\x8e U\xcc\x85\xb99\xca\
\xf8\x0b\x11\xe5\xd2\x92\x97\xe4\xcc}\xe3\xc4z\x1d!\xff\
\x9fK\x9eD\xbfj6\x1bG\xfa\x07\xcf\xbd}\xd0\x0a\
\x91\xa9%\xb8\xf3{N\x0cir\xea~\x95\x9cn!\
K\xbc%\xfa\xf3\x0a9=\xabS\xa6\xdbH7\xdd\xa5\
\xdf\x9c\x1bB\xb0\x8c\xc3\xd0\x92\x97e\xc5\x95yf|\
\xa7\xa1\xfe\xe7\x92\x17\x96\x10\xabc\xbd\x10#\x1d\xb3\x98\
\xe1Y\xc9\x9b12\xc5\xaf\x0f\xd2O\xa2\xf6\x08\x0c\xc1\
O\xb9\x8f,\xb5vD\xdf\xd5g\x0f\x00\xe0_\xf9\xbe\
SK\x9ec\xe633\xb6\x93PU,\xf9\xb4\xa4\x16\
m\x17o\xdb\x91g%\xa7[\xc8\x13O?j\xf7\x92\
~\xd2\x9b\xf1\xe0Z\x08\x86\xec\x99\xb8#d\x0a[\x0f\
\xdb\xbdn\xf7\xd8\xfb\x87\xd3`H\x7f&Z\xf2\x12\x1d\
7c;\xba\x02\xaa\x82%\xef\x12k\xb6\x8b\x87-\x1d\
\x03'\x0e<+y\xf4\x1c.=\xa2<\x8d\xd0\xd9\x8b\
oAK^\xa2\xe5f|\xbaC\xbf\x8a%O\xeb[\
\x0b\x8c\x81\xb8\xa8\xac\x83\x9e\x95\x9c\xdaph\x10\x94\xf6\
\x1b0M6\xb4\xe4\xe5\xd9e\x1cX\x08U\xbd\x92\xf7\
%\x0d\xbeEB\xd7\xc0\xb9\xe5[\xc9\xa9\x06w\x0eR\
\xbe`\x00\x17\x12\xb2\xa0%/\xd1\x1e\xe3\xc0\x12\xdd\xdc\
Y\xbd\x92o\x13\xad\x8b\xf4H\xe8\x098S\xde\x95\xbc\
\x1e\xc3\x95\xc7d\xa3\x07\x07FdEK^\x9e\xfd\xc6\
\x85KP\x15+\xf9 \x10\xbd\xe1\x22\x12\xea\x82\xd5\xf0\
\xad\xe44\x1b\x8et\x9ade\x84\xb1\xc5u\xb2\xa2%\
/\xcd\x1c\xe3\xc4\x1e\xa8\x8a\x95<\xa1\x14\xef\xc0\xb8F\
b\x1dp^zWr\xaa\xc1\x8dcd'\xba\x0b[\
\xff\xc8\xb3\xb3\xb4\xe4\xf9V\x19'\xd6BU\xab\xe4\x0f\
(E\xdf\xd5[\xff685\xffJ\x1eM\xc1\x85\x87\
d+\xc1\x98\xa6\x02\xb2\xa2%/\xcd\x8a\x05\xc6\x8d\xed\
PU*\xf9 \x90=\xe0/!\xb1s`E\xde\x95\
\x9c\xba!\xc6W#{O\xfe\xbb\x09D-y\x8e\xbd\
\xc6\x91\x0bP\x15*\xf9\xb0!;\x96 \x0cH\xac\x0e\
V\xcf\xbf\x92\xd3K\x8cm*\x22\x81\xad\xae\xa7\xd6y\
Z\xf2\xd2,5\x9f\xe96\xcf\xaf\xb4\xe4V\xe2\xae\xac\
\x84\xa8Q\x01\x03p6yXr\x9a\xe5\xe0\x15\x91\x88\
\x06(\xaeE\xb6\xb4\xe4\xb9\xfe\xa5ar\xdd\xe6Y\xb9\
\x92\xb7\xa53no\xa9\x80\x87\xe0<\xf7\xb1\xe4\xf4\x1a\
c\x89\x13\x92\xa9\xdfEQw\x9bdKK^\x96\x9b\
\xc6\x99\xcbP\x15)yx\x8e\xd2=p\xb7\xb0z\x10\
\xac\xbe\x8f%\xa7\xc7\x18Cx\x90\xa4\x8etPL\xdc\
'kZ\xf2L\xff\xdc0\xb9n\xf3\xacT\xc9;\x09\
e\xb8\x0bFLE\x04!8\xaf\xbc,9\xddFa\
a\x8f\xe4\xba\xb1\xcbYG\x9e\x96\xbc$+\x8d;K\
\xa0*Q\xf2\xa9#$>_\xec)\x15R\x03\xa7\xe5\
g\xc9\x8b\xdf\x95\xc7\xc5\xe2\x9atP\xc09\x12\xd0\x92\
\x97d\xa1\xf9B\xb7y~\xa3%\xcf\xf34*0\x85\
\xf1\x86\x0ay\x0fV\xe4g\xc9\x8bn\xf6\x1c\x1c\xa1b\
\xfaS\x93\xfe\xd0\xd0\x92g\xf8\x17\x87\xc9u\x9bgU\
J>l\x17\x1ao+\xd8\x9a#`\x1d\xf3\xb4\xe4\xd4\
\xeb@\xae\x16QQ\xcdk\x90\xe9\x1c$\x11-y\x96\
\x7fp\x98\x5c\xb7yV\xa4\xe4O\x9b\x85\x96\xb6\x87T\
\xd0sp\xee\xf8Zrj\x5cw\xb0\xd7V \x18A\
\xe2z\x83D\xb4\xe4\x02%\x0c\x93\x1f=\xa1\xdb<\xb5\
\xe4\x00\xb6v\x0b\x8e\x9b\xbcv\xfb\xde\x1dz[r\xa2\
\xd9\xb1\xac\xad\x09\x8dgF\x07\xd6\x1e\x07$\xa3%/\
\xc7vce\xc9\xa5C\x1bt\x9b\xa7\x96|\xda&\x1a\
\xb7\xdc~Kv\x0c\xac\xbe\xbf%\xa7\xfa\x08\xd6\xe2\xd9\
4\xb6\xe6V\xd8\xb9{\x8c\xa4\xb4\xe4\xe5\xb8il\xac\
\xdd\x0e\xacYn,\xac\xff\xc8\xbe\x9d\xb56\x11\x85q\
\x18\x7f\xcfQ\x14\x8d\x89D\x8de\x94\xa8q\xa9\x8d\xc6\
\xa8\xb8\x147l\x1b\xeb\x86R[j-h\xd5\x22\x05\
+n\x17.P\xa5 \x08^\xe9g6\xb5bs\x9c\
a2\x939o\x8c\xe9\xf3\xbbo{\xf74\xe4=\x7f\
A\xbf\x96\xfc\xe9\xa6\x81\x0c\xb3\xccR\xe6\xac\xba>\xf4\
q\xc9\x8d\xb91'\xc9\xbc/\x19\x1f\xee\xcdK\x02\x8b\
\x05\x93\x1e%\xef\x8a\x9d6\x81\xb1\xb24\x95\x8f1\xf3\
\x5c\xb7%\x7f\xf5\xf5\xdb\xf5,!\x93y\xd3\xb1\xd3\x12\
e\xae\xafKn\xcc\xd4)i\xeb\xf0b\xc9\xf8r\xef\
\xa9\xc4\xcb\x9d(\x99\x7f\x8f\x92G\x1bL\xf3 %w\
\x80\x99\xe7z*y\xee\xf9\xfc\xe3\xb9\x85\x8f\x8b_n\
\x8cVLr\x1b|\x1f\xe5>H\xa4J\x7f\x97\xdc\x98\
\xc6\xdb\x1f\x12\xe7\xf5\xf7\x82\xf1\xe9\xc2\xe9\xb8\x7f\xe5\xef\
*\xa6\x17P\xf2\x8e\x1f\x93\x8fO\xc8\x1f\x87\x98y\xf6\
C\xc9\xf1\xbf\x18=\xf9Z\xa2-,\x0f\x18\xefJ\xcb\
\xd11\xfftb\xca\xf4\x08J\x1e\xa9\x5cMp\xeb\x94\
\x16\xfbl;\x93\x02J\x0eoJW\xbf\xbc|,-\
\x0e\x9f>\xb1<U0J*\xd76}\xfc$k\x9e\
/\xbc\xbd\xd0\x0b\xdf\xaaP\xf2X\x13In\x9d\x8e\x8b\
y\xdbF]@\xc9\xe1We\xe0\xfa\xe8\xd5\x1bWG\
\x1b\xa5\x8a\xd1W(5V\xfe\xda\xd4\xf5\x81\x7f\x7f\xe2\
\xa4\xe4I<Ir\xebtm/2\xf3\xa4\xe4@\x22\
\x94\xbc+\xcet2\xbe\x1f\xac2\xf3\xa4\xe4@\x12\x94\
\xbc+\xa6m\xac\xf1\x83\x12e\xe3\xa4\x8d5\x22\xa0\xe4\
@\x13%oK\xff1\xf9\xe4}\x89v&\xfe\xe7.\
\x09(9\xd0D\xc9\xbba0\xf9\xad\xd3U\xdb\xc3\xcc\
\x93\x92\x03mQ\xf2n\x98\xb51\xce\xc5\x8d5\xcbq\
\xa7\xd2\x223OJ\x0e\xac\xa0\xe4]\x10T;\x7f\x81\
\x12\x9cc\xe6I\xc9\x816(y\x17\x1c\x8c\xf9X}\
P\xda\xc8=b\xe6I\xc9\x81x\x94\xbc\x0bn\xa7\xbd\
u\xba\x9e1\xf3\xa4\xe4\xd94\xc2ziN\xd8\x1b\x0a\
\x8d\xb0\x9e\xdb\xeb\xc4\xa1\xe4\xcaF\xd2\xdf:]\x97\x98\
yR\xf2,6K\xd8\x0b\x03\xd75\x09\xbb`\xd6-\
J\x1er'\xc5\xad3\xda\xf083OJN\xc9\xff\
B\xc9]\x94\x5c\xd9\xf1\xec\x19\xdeRe\xe6I\xc9)\
\xb9\x8b\x92\xbb(\xb9\xae\xfb\xe9n\x9d\xd1\xea\xbb\x99y\
RrJ\xee\xa0\xe4.J\xaek\xd6F\x99\xacK*\
W.\xdb(7\x05\x94\x9c\x92S\xf2&J\xae*\xd8\
f#\xec\x19\x91\x94jC\xcc<)9%oA\xc9\
]\x94\x5c\xd5p\xfa[g\xb4\xb3\x9fmX1\x10P\
rJN\xc9\x8d\xa1\xe4\xaa\x8ey{r\x12\x8c\xd9\xb0\
\xed\x02JN\xc9)\xb91\x94\x5cS-o\xffV\x1c\
\x96\xce\xe4v\xd8\x90Y\x01%\xa7\xe4\x94\xdc\x18J\xae\
i_\xc6[\xa7\xeb\x013OJN\xc9\x7f\xa3\xe4.\
J\xae\xe9x\xd6[\xa7\xeb!3OJN\xc9WQ\
r\x17%WT\x0f\xdd:\x03\xc9d\x22o]\xcf\x04\
\x94\x9c\x92SrC\xc9\x15=\xf2\xde\xdd]E\xeb\xd8\
#\xa0\xe4\x94\x9c\x92\x1bJ\xae'\xd8\xe6\xe3\xd6\xe9\x1a\
\xdc\xc6\xcc\x93\x92Src(\xb9\x8b\x92\xeb\x19\xb6\xad\
n\xd5\xc5\x87\xad\xb7\x98yRrJn(\xb9\x8b\x92\
\xabq\x1f\x93/\x8d\x88\x1fgv2\xf3\xa4\xe4\x94\x9c\
\x92\xbb(\xb9\x9aZ\xde\xbdu\xfart\x89\x99'%\
\xa7\xe4\x94\xdcA\xc9\x95\xb8o\x06\xa7\xc5\xa3\xf2m\xbb\
f\x97\x80\x92SrJN\xc9\xb5\x0c9\xb7N\x9f\x82\
#\xcc<)9%\xa7\xe4-(\xb9\x96\xbas\xeb\xf4\
\xec\xee\xda/\x17PrJN\xc9)\xb9C!\xb6K\
5\xf1o\x9a\x99'%\xa7\xe4\x94\xfc\x0fJ\xae$\xd8\
mW\x1d\x09D\xc3\xcd<3OJN\xc9)\xf9o\
\x94\x5c\xc9\x8cs\xebT03\xce\xcc\x93\x92SrJ\
\xbe\x8a\x92+\x19\xb3+\x8a3\xa2f\x7f\xd5\xfeR\x13\
PrJN\xc9)\xb9\xc3\xe7c\xf2[\x1bE\xd1\xc6\
\xdd\xcc<)9%\xa7\xe4+(\xb9\x8e\xbd\xce\xadS\
\xc9\xf97\xb6iL@\xc9)9%\xa7\xe4\x0a\x86\x9c\
[\xa7\x96\xda\x103\xcf\x9f\xec\xdb1J\x03Q\x00E\
\xd1?\x12\x08\x18\xd0N\x0cV\xe9--\xac\xed\xedD\
\xdc\x8a\xbbO3MH\x91&?p\xc99\x8b\xb8\xcd\
\xe3)\xb9\x92+\xf9\xb2(\xf9\x14\x9bu\xeb\x9c\xed\xe3\
\xd5\xcdS\xc9/8\x9c{Z8\xb5=\x9c\xdb.w\
K\xc9W\xdf\xeb\xd69\xdd\xfe\xcb\xcdS\xc9A\xc9g\
\xd8\xbd\xac[\xe7|\xbb?7O%\x07%\x9f\xe0\xf9\
\xff}\xdc\xcc\xe7\xc3f\xa0\xe4\xa0\xe4W\xf6\xbb\x1f7\
\xf4\xf63PrP\xf2\xb6\xc7\x81\x92\x83\x92\x93\xa7\xe4\
\xa0\xe4\xd4)9(9uJ\x0eJN\x9d\x92\x83\x92\
S\xa7\xe4\xa0\xe4\xd4)9(9uJ\x0eJN\x9d\
\x92\x83\x92S\xa7\xe4\xa0\xe4\xd4)9(9uJ\x0e\
JN\x9d\x92\x83\x92S\xa7\xe4\xa0\xe4\xd4)9(9\
uJ\x0eJN\x9d\x92\x83\x92S\xa7\xe4\xa0\xe4\xd4)\
9(9uJ\x0eJN\x9d\x92\x83\x92S\xa7\xe4\xa0\
\xe4\xd4)9(9uJ\x0eJN\x9d\x92\x83\x92S\
\xa7\xe4\xa0\xe4\xd4)9(9uJ\x0eJN\x9d\x92\
\x83\x92S\xa7\xe4\xa0\xe4\xd4)9(9uJ\x0eJ\
N\x9d\x92\x83\x92S\xa7\xe4\xa0\xe4\xd4)9(9u\
J~d\xd7~V\xa2\x8c\xe20\x8e\x9f7\xc8\x91\x0c\
a\x0a\xb2E-\x06fa\x8b(\xa4\x107\x0e\xc3\xbc\
8\xb5Oj\x93\x1510\x84BH\xb9\xf1\x02\xe6\x02\
\xbca\xdd\x8a\xbc\xf8g\xdc<\xc7\xcf\xe7\x22\xbe<\x9c\
\xf3\x03%'\x9d\x92\x83\x92\x93N\xc9A\xc9I\xa7\xe4\
\xa0\xe4\xa4SrPr\xd2)9(9\xe9\x94\x1c\x94\
\x9ctJ\x0eJN:%\x07%'\x9d\x92\x83\x92\x93\
N\xc9A\xc9I\xa7\xe4\xa0\xe4\xa4SrPr\xd2)\
9(9\xe9\x94\x1c\x94\x9ctJ\x0eJN:%\x07\
%'\x9d\x92\x83\x92\x93N\xc9A\xc9I\xa7\xe4\xa0\xe4\
\xa4SrPr\xd2)9(9\xe9\x94\x1c\x94\x9ct\
J\x0eJN:%\x07%'\x9d\x92\x83\x92\x93N\xc9\
\x1f\x8e\xf5\x8d\xf1\xa8\x9dN\xdb\xd1x2\xe85\x5cP\
r*\xa1\xe4\x0f\xc1d\xe7\xdf\xf1\xcfr\xc9|\xf6v\
1^oPrj\xa0\xe4\xb5\xdb[y?,]\x0e\
\xb6Z5Wr\xf2)y\xcdz\xed\xe1n\xb9\xcel\
1hPr\xa2)y\xbd\xf6\xfe\xee\x96\x9bY\x9d6\
(9\xc1\x94\xbcV;\xdf\xcb-\xcc\xdf\x19\xe6JN\
.%\xafR\xef\xec\xa8\xdc\xd2\xda\xe1F\x83\x92\x93I\
\xc9k\xb48*w\xf1\xd8.Wr2)y}F\
\x07\xe5\x8e\x86'\xee\xcc\x95\x9cDJ^\x9b\xc1qY\
\xc2\xaf\xb6A\xc9\x89\xa3\xe4\x959\x1b\x96\xe5\xfcq`\
\xae\xe4\xc4Q\xf2\xaa\x0cV\xcb\xd2N\xcdr%'\x8d\
\x92\xd7\xa4\x9d\x97\xfb\xb0\xd5\xa0\xe4DQ\xf2\x8a\xac\x94\
NkO\xb6\xbf<{\xb9\xf9\xf9i\xbf\xff\xe6\xc5\xf3\
W\x1f\xbf~\xda\x7f]:\xcd\xbc\xb0(9Q\x94\xbc\
\x1a\xbd\xff]\x15\xdf\xff\xfd\xa3\xff\xe8\xaa\xcdo\xdb\x1f\
\xba>>'\x0dJN\x0e%\xaf\xc59{w\xb6\x1a\
E\x14\x04`\xb8N)Dm;0\xee\xe3\xae\x89\xc6\
\x0d\xc3\xe08nh\xd4\xa8\x89\x12\x15W\x04cT$\
 \xa2\xd1\x88\x0b.\x08^y\xe5;\xeb\xdd\x9c\xee\x9c\
\x89&\xe9\x86\xaa\xe1\xff.\xfb\x01~\x0e\xdd}\xaa\x06\
g%\xe9\xe0\xf4\x16\xed)?r6\x1d\xf3\x0bc\x01\
\x94\x1cnP\xf2>\xb1oF\x12\x8e\xdd\x7f\xab\xff\xd0\
\xd8{P\x12\xb23\x01\x94\x1c^P\xf2\xfe\xb0\xef\x99\
,\xd4y\xd4\xd0\xff\xb1s\x93$\xfc\x0a\xa0\xe4p\x82\
\x92\xf7\x85T\xc8/>\xca\xf5\x7f}\xbd\x95\xaaN\x00\
%\x87\x0f\x94\xbc\x1f\x0c\xceIY\xf3~C\x97\xe2H\
G\x16\xe0\x05\x0b%\x87\x13\x94\xbc\x0f\x0c\xb4\xa4\xec\xc1\
Q]\xa2\xc6\xe3LJ\xb2\xbb\x01\x94\x1c\x1eP\xf2>\
\xf0YJ\xb2\xd3\xb9.\xdd\xf7\x13R\xf2\x92A\xb7\x94\
\x1c.Pr\xff\xe6\xa5\xe4\xc4\x17]\x96\xc3\x0f\xa5d\
\x86+B\x94\x1c\x1ePr\xf7&\xa4d\xed\x16]\xae\
\xa1L\x8a>\x07Pr\xd8G\xc9\xbd\xdbzA\x8a\xce\
\xe6\xba|\x97wI\xd1\xef\x00J\x0e\xf3(\xb9w-\
)\xda\xad+\xf2\xbd-\x05\xd9\xb5\x00J\x0e\xeb(\xb9\
s\xa3R\xf4BW\xe8\xeb\x88\x14\xcc\xb1F\x88\x92\xc3\
<J\xee\xdbx&\x05S\xbab_vI\xc1\x87\x00\
J\x0e\xe3(\xb9oO\xa4`R+\xb0\xad)\xb1\x8c\
\xb9\x88\x94\x1c\xd6Qr\xd7^I\xc1\xa6\x5c\xabp@\
\x0af\x03(9l\xa3\xe4\x8emmI\xc1\xf9\xc3Z\
\x8d))\x98\x08\xa0\xe40\x8d\x92\xfb\xf5sX\x0a\x9a\
\x87\xb4\x22\xf9\x1e\x89=\xe7\xa3'%\x87m\x94\xdc\xab\
\xf1\x96\x94Lke\xae\x8fH\xecG\x00%\x87e\x94\
\xdc\xa9\xd1LJ6i\x85NJ\xec\x1b\x87rJ\x0e\
\xd3(\xb9K\xd7\x9eHY\xfb\xbaV\xe9\x14\x87rJ\
\x0e?(\xb9C\x03\xf3\xb2\xd0\xb4V\xeaN[\x22\xcf\
\x02(9\x0c\xa3\xe4\xfe\xdc\x9d\x93\x85V\xe7Z\xad!\
\x89]\x09\xa0\xe4\xb0\x8b\x92{3\xf0NRnh\xc5\
\xf2\x8eD\xd6\x04Pr\xd8E\xc9\x9d\x19{.)\x07\
\xb5r\x1b$\xb69\x80\x92\xc3,J\xee\xca\xe0kI\
{\xaa\x91:\x0e\xe5\x9f\x02(9\xcc\xa2\xe4\x9eL\xbc\
\x91\xb4\xe3Z\x83\x9b\x12\x99\x0b\xa0\xe40\x8b\x92\xfb1\
\xf8Qz\xd9\xab5h\xb4%\xc2\x1c-J\x0e\xbb(\
\xb9\x1bg^J/\xed\x86\xd6\xe1\x1c\xcb\x83(9|\
\xa0\xe4N\xec{/\xbd\xdd\xd3Zl\x97H+\x80\x92\
\xc3*J\xee\xc3\xaa\x0b\xb2\x88mZ\x8f\x8eDX\xb3\
O\xc9a\x16%\xf7`\xf3\x1aY\xccE\xad\xc9\x94D\
\xc6\x02(9\x8c\xa2\xe4\x0e\xfc\x18\x96EMjMv\
Jd4\x80\x92\xc3(Jn\xde\xd6Y\xf9\x87\xcbZ\
\x93|\x84\xd5A\x94\x1c\x1ePr\xeb~\x0fKBS\
\x22\xeb\xb5.\x0f\xa5k8\x80\x92\xc3(Jn\xdbx\
KR\xce\x9e\x97\xaeuZ\x9b!.\xecSrx@\
\xc9M\x1b\xcd$\xe1\xc4\x8d\xab\xf1\xf3\xdbZ\x9bm\xcc\
C\xa4\xe4\xf0\x80\x92\x1bviF\x12\xb2{\x0d\xdd(\
\x91!\xad\xcd\x16\xd6MPrx@\xc9\xcd\x1a\x98\x97\
\x94\xf3;U\xf5\xa9D\x8eh}F\xa4k>\x80\x92\
\xc3&JnUr\x9f\x84dSW\xf5\xaf\xbd\x129\
\xaa\xf5y ]\xaf\x02(9l\xa2\xe46\xf5\xd8'\
\xb1z{\xe2KdC\xeb\xb3\x9f\xdf\x10)9\x1c\xa0\
\xe4&\xa5\xf7I4O\xe7\x89\xcb\x97\xbb\xb4F;\x18\
lK\xc9\xe1\x00%7\xa8\xc7>\x89\xe3\xdd\xd7(\x93\
\xd2\xd5\xd1\x1a\x9d\xe6\x87\xf2?\xec\xddI\xcb\xd3P\x14\
\x87\xf1s\x0f\xce\x9a\x17kE\xadZ\x9c\x87:\x81h\
\x9dpB\x9cQ\xeb\xd0\xbe\x08\x8e\xe0J7\x82\xe8J\
7\x82\xe0\x07\x10\xbf\xaf\x0b\xc1\xde\x94$\x9a\xf6\x9e\xf6\
D\x9e\xdf\xbe]\xb5\x0f!$\xf7O\xc9\xd1\x00\x94\xdc\
\x9f[\x9f\xa5@g_\xa6\x7f\x0cdl\x85\x1a\xda'\
\x91\x00J\x0e\x9f(\xb97%{\x12\x07\xdb\x1a9k\
\xb9\x17\x14\xbbO\xc9)9\x1a\x80\x92;S\xbc'\xd1\
}\xae9\xcb\xf3*\xf9s\x89\xac\x0e\xa0\xe4p\x89\x92\
\xbbR\xb2'\xf1\xe0\xa2\xaarM\xee\x1e%\xc7?\xa2\
\xe4\xff\xb5\xe2=\x89\xd3\x9b\xf47\xee\x93;G\xc9\xf1\
\x8f(\xf9\x7f\xacdOb\xf9Q\xf5\xc2\xe6)5\xf4\
F\xc6.\x07Pr\xf8D\xc9\xdd(\xde\x938\xd6\xd7\
\x02\xc3y=O\xfe\x84\xe7\xc9)9\x1a\x80\x92;Q\
\xb2'1\xd8\xa8ys~\xc7\xf3\xac\x8c\xad\x09\xa0\xe4\
\xf0\x89\x92\xfb\xb0j\xbf\x14\xb8zD\x8b\xed\x96\xc8a\
\xb5sB\xc6>\x05Pr\xf8D\xc9=\xb8\xf9B\x8a\
\x5c\xe8\xfd\xd3\xb9\xe1\xd7\xd4\xcei\x19\xfb\x18@\xc9\xe1\
\x13%w\xa0xO\xe2\xcc+-uQ\x22\xe7\xd4\xcc\
\x1d\x89|\x0f\xa0\xe4\xf0\x89\x92/\x5c\xc9\x9e\xc4\x8e\x96\
\x96\xcb:2\xb6W\xcd\xdc\x95\xc8\x95\x00J\x0e\x9f(\
\xf9\x82\xad~[\xb6'Qi\xc5|\x8e\xd0:\xc7\x8e\
'%G\x13P\xf2\x04L\xf6$\xaa]\x90\xc8#\xb5\
\xb2\x99\xa3\x10)9\x9a\x80\x92/\xd2\xd2\xf1\x92=\x89\
zo\xd1\x1fP#Y\x97\x87\x10)9\x9a\x80\x92'\
`\xb2'Qm\xbb\xccc\x5c\xff\x15?\x15J\x8eF\
\xe0\xef\xb90K\xdf\xa4\xc8\xe8h\xed\xab\xe5C\x99\xda\
\xd8!\x91\xc7\x01\x94\x1cNQ\xf2\x04l\xf6$\xaam\
\x9e\xc7\xba\xfeU\x19[\xbf\x14@\xc9\xe1\x14%_\x8c\
\xa5wRdW{\xaa\xe3f\x07jb\x9bp\x9b\x9c\
\x92\xa3\x11(y\x026{\x12\xd5\x8e\xe6>\xd8S\x0b\
\x03\x89\xfc\x08\xa0\xe4\xf0\x8a\x92'`\xb4'Q\xed\x92\
D\x9e\xaa\x81\x0d\x1d\x89l\x0d\xa0\xe4\xf0\x8a\x92\xd7`\
\xba'qh\x93\xd62\x94\xc8%5pN\x22/\x02\
(9\xdc\xa2\xe4\x09\x18\xedIT;*\xc6\xa7h\xb5\
\x8eI\xe4k\x00%\x87[\x94|\xce~\x94\xedI\xd4\
6\x12\xdb\x09\xb8}\x12\xdb\x13@\xc9\xe1\x16%\x9f\xab\
\xad'\xcb\xf6$\xea\xdb$\xb1\xbe\xed%\xf9\xbb\x00J\
\x0e\xbf(y\x02V{\x12\xd5Z\x87$r\xe6\x86\xa6\
5\x14^\x0b\xa2\xe4h\x0aJ^\x83\xcd\x9e\xc4\xed\x9e\
N\xe7\x9e\x18\x9eR\xfe\xbe#\x91\x97\x01\x94\x1c\x8eQ\
\xf2\x1aL\xf7$\xea{\x94\x8bm\xa7\xad)\xed\x92\xd8\
\xf9\x00J\x0e\xc7(y\x0d\xb6{\x12\xf5\xdd\x96\xd8(\
\xd3t\x9eK\xecu\x00%\x87g\x94\xbc\x8a\xf5\x9e\xc4\
\xba\x9d:\x8b;\x1d\x89\xbd\xd1d\x8ev%\xf60\x80\
\x92\xc33J^\xca~ObxCg\xf3,\xff}\
_4\x91\xd6\x0a\xe1.9%G\x83P\xf2R\xe6{\
\x12\x87uV\xbdC\x12;\xf6H\xd3\xb8 \xc2\x80'\
%G\x83Prs\xd7K\xf7$f\xf7TrF-\
\x83w\x82\xe4C\x00%\x87o\x94\xbc\x98\x8f=\x89\xbf\
;!9\xcb\x99\xce\xae/9\xfbYb\xa6\xe4\xf0\x8e\
\x92\x170\xdf\x93\xe8\xee\xd3D\x0e\xaf\x97\x9c\x81\xce\xec\
HG\x84\x13W(9\x1a\x85\x92[\xdaS\xba'\x91\
\xccP\xf2\x06Y\xe2\x90\x9f\x0c\xa0\xe4\xf0\x8e\x92\x1bz\
X\xb6'\x91PvB\xf2\xce\xce\x96\xf2\xfeD\xc8\xf7\
s.9%\x87\x7f\x94|\x82\xb3=\x89\xbfkw%\
omO\xa7w\x7f\xfddz\x02(9\xdc\xa3\xe49\
\xf6{\x12\xbb5\xb5\xbeLX\xd1\xd6)eOd\xc2\
\xca\x00J\x0e\xff(y\xc4~O\xe2\xec\x16M\xef\x9e\
L8\xdd\xd7\xa9\x5c\x1c\x89p\x93\x9c\x92\xa3\x81(\xb9\
\x89\x9fe{\x12&\x96e\xd2\x85\x96\xd6w\xe0\xb4L\
x\xbd\x14@\xc9\x7f\xb1w\xb7-M\x85q\x1c\xc7\xff\
\xd7\x85a:\x17h:\x9c&j\xde\xb6-\xd1\xd4)\
j\x92\x1a\xe5\x862\xd7\x0d\x09Z&\x11\xf8 \x8c@\
\x93L\x02\x1f\xf5\x0az\xbf\xf5\xa0\xe0\xec\xce\x9d\xb3s\
N;\xff\xf1\xfd\xbc\x88/\x87\x0b\xce\xff\x07\x05(\xf9\
?\x11\xdd\x93p\xa3{F\xcae\xfb\xadG\x89%)\
\xb7\xbee@\xc9\xa1\x01%w\x08uOb>eC\
\x93x,\x15\x0a9\xebA\xfcpJ\xca\x8do\x18P\
r\xa8@\xc9\xff\x8a\xec\x9e\x84+\xb9y\xa90\xf4\xaa\
\xcb\xba\xb5\xd8)\x15\xc69\xb7B\xc9\xa1\x05%\x0f\xd8\
\x99T\x93\xed\xb7\xe1Z\xcbJ\xa5\x85\x9d\xa2u!>\
\xd1&\x84\x9c\x92C3J\xfeG\xb4\xf7$\xdc)v\
J\x15\xc9B\xbf\xad#\xb7</U\xac\xb3\xdcI\xc9\
\xa1\x07%7\xe1\xefI|\xb3\xffA\xd7\xb0T\x95\xdd\
\x19\xb8\xa1\xff\x87\xc31\xa9\xe6\xf8\x99\x01%\x87\x1a\x94\
<8/\xde\xfb\xd8\x93\xf0/^\x90\x1a2+=i\
[!\x91\xda\x99\x91\x1a\xde\x8e\x1aPr\xe8A\xc9\x83\
r\xe7\x96\xcf=\x09\xff\xc6bR\xd3\xd0L\xe1CO\
\xea\xdet:=}\x99\x9f\x18[\xed\xc8Hm\xe7\xed\
\x06\x94\x1c\x8aPr\x05{\x12\xae\x1de$\x00\xb1_\
\x06\x94\x1c\xaaPr\x0d{\x12\xae%z\xc5\xb7w<\
\x91SrhC\xc95\xecIx\xb0\xbf \xfe|\xe1\
e\x85\x92C\x1dJ\xee\xdf\xe8\x85T3\xfc\xd96C\
qI|\x98\xe3\x83\x9c\x92C!J\x1e\xd2\x9e\xc4\xc2\
\xa1m\x96\xfe6i\xd0\xc9\x9e\x01%\x87B\x94\xdc\xa7\
\xd1Y\xa9\xa67g\x9bh$+\x8d\x98\xe3a\x85\x92\
C'J\xee\xcfO\x1f{\x12!\x8a\xef7\xd0\xf2c\
BN\xc9\xa1\x14%\xd7\xb2'\xe1\xd5\xe6\xb0x\xc4\xff\
\xf9\x94\x1cZQr5{\x12\x9e\xa5\x073\xe2\xc1'\
\x03J\x0e\xa5(y\xd0{\x12+]62\xe2G\xdb\
O\xc4\xa5\xef\xec\x03Qr\xa8E\xc9\x1b\xf55Vc\
O\x22b\xd2\xbbK\x19q\xe1\xb9\x01%\x87V\x94\x5c\
\xd1\x9eD\xc3\xd66\x97\x97^\x97\xf4|\xa8\xb3#)\
N\x17\x06\x94\x1cjQrM{\x12\xfe\xc4\x8b\xe9\xab\
|*\x95\xbf\x1aX\xeb.\x9fq^\xe7\xf8!%\x87\
b\x94<\xb8=\x89\x83n\xab\xc7bYa\x0c(9\
\xf4\xa2\xe4\x9e\xb5?\xaa\xb5'\xa1HWF\x9cn\x1b\
Pr(F\xc9\x95\xedI\x04dE\x9c\xc6\xfb\x0c(\
9\x14\xa3\xe4\xea\xf6$\x82\x90\x97\x12\xd7\x06\x94\x1c\x9a\
Q\xf2 \xf6$\xde\xc4\xad*\xddYq\x9a3\xa0\xe4\
P\x8d\x92\xfb\xdf\x93\x98L[e\x06\xc5)\xc6%[\
J\x0e\xe5(\xb9\xca=\x09\x7f.c\xe2tf@\xc9\
\xa1\x1b%\xd7\xb9'\xe1G\xbcM\x9cN9\x81H\xc9\
\xa1\x1d%\xf7\xb7'\xb1o\xf5Y\x96\x12\x1b\x06\x94\x1c\
\xcaQr\xbd{\x12\x0dJ'\xc5\xe9\xa1\x01%\x87v\
\x94\x5c\xf1\x9eDc&\xc5\xe9\x98\x13\x88\x94\x1c\xfaQ\
\xf2\xfa\xfa>FwO\xc2\xbb])\xf1\xd4\x80\x92C\
=J^\xd7u\xf5=\x89M\xab\xd2\xda\x908\x9d\x1b\
Pr\xe8G\xc9\xeb\xd8\x8a\xfe\x9e\x84'\xbd\xe2t\xc2\
\xdb\x0a%G+\xa0\xe4\xad\xb1'\xe1\xd6\x88\x94\xd83\
\xa0\xe4h\x01\x94\xbc\x81=\x89\xd5h\xeeI\xb8\x90\x98\
\x12\xa7Y\x03J\x8eV@\xc9kkW\xb9'q\xa3\
\xfb\x9c@,A\xc9\xd1\x22(yM\x1b\xa7\xcd\xda\x93\
\xb8[X\xb1\xa1HI\x89\x1f\x06\x94\x1c-\x81\x92G\
nO\x22\xb7\x1d\x13\x09%\xe5\x0f\xe69\x81X\x8a\x92\
\xa3EPr/{\x12\xc9\xf0\xf7$\x12\x07I\x11\x09\
'\xe5/\xc5)\xb6e@\xc9\xf1\x9b\xbd{y\x892\
\x0a\xe38\xfe{N\x86\xda4\x13c\xa9YMeZ\
f\x8a\x11\xd9\xc50\xeffE\x96\x97\xb4\xa0\xd2D\x02\
\x0d\xed\x22e`\x11\x04B\xab\xdaD\xffo\x173\xcf\
;\x9e\xa3.\xce\x99\x81\xe7\xfd}v\xb3:\xbb\xefb\
\xe0}~:\xb0\xe4.\xb9%\xb8t\x9c7\x91\xb5\xce\
\x17\x00DJ\xf9'$\xac\x0a\xb1\xe4\xa4\x04K\xee0\
\xb4\x5c\x9e=\x89|S\x0b\x80X)\x1f\xbe\x09\xdb\x8c\
\x90\xb0\xe4\xa4\x04K\xbeM\xee=\x5c\xce\x1d6qe\
\x1f\xf7\x01\x88\x97\xf2\x87<\x81\xb8\x0dKNJ\xb0\xe4\
{\xdc\x93\x185\x91\x9d\xbd\x8ab\xb7M@\xe73\xb0\
-\x0a\x89\xb0\xe4\xa4\x04K\xbe\xa7=\x89\xean\x13\xd7\
\x85\x0a\x001S\x9e\xed\x80\xed9\xe7%\xfe`\xc9I\
\x09\x96<a\xac\xa7,{\x12G\xa7\xe0v\xda\x84\xd2\
\x84\x84^\xa1\xdfXrR\x82%/\xff\x9e\xc4Z5\
<\xda\xf3&\x90\xd7\x05\xd8\x96\x84\xfe`\xc9I\x09\x96\
|\xd7=\x89\xb3&\xaa\xb6ix\x8d\x9aPN\xc1\xf6\
\x91'\x107\xb0\xe4\xa4\x04K\xbe\xa9\xbe,{\x12\xdd\
72\xf0\xba<l\x02\xa9A\xc2\x88\xd0_,9)\
\xc1\x92\x97sOb|\xb2\x01;\xa8\x09\xf6N'l\
+B\x1bXrR\x82%/\xdf\x9e\xc4\xc1{\x05\xec\
\xe4@\xd6\x042\x0d[O\xa3\xd0\x06\x96\x9c\x94`\xc9\
w\xd8\x93\xb8k\x22\xca_\xef\xc4\xce\x06L \x03E\
5\x11\xfa\x87%'%Xr\xef\x9e\xc4d\xde\xc43\
\xdc\xd4\x8e]L\x99@Z\x93O\xbd\x10\xda\xc4\x92\x93\
\x12,y\xe5[\xb8\xdc<j\xe2\xc9\xd6\x5c\xc6\xaef\
M 7`k\xae\x17\xda\xc4\x92\x93\x12\xa9/y9\
\xf6$\xae\xdc\xc4\xee\xaaM \xb3H\xf8&\xf4\x1fK\
NJ\xa4\xbc\xe4\x9e=\x89\x8a5\x13\xcf\x85\x0a\xec\xc5\
1\x13F\xfe*l\xcf\x84\xb6\xb0\xe4\xa4D\xbaK\xde\
\xeb\xde\x93\x98\xcf\x9ah\x8e\x9e\xc3\x9e\x5c3\x81\x9cD\
\xc2-\xa1-,9)\x91\xe6\x92\x97aO\xe2\xd8\x11\
xd\xd6\x9b\x13?\xdbB\xbd\x98\x81\xed\x9d\x90\x85%\
'%R\x5c\xf2\xd2\xefI\xb4]\x83\xcfz\xedX\x94\
\xdb\xe4\xd9\x0a\xd8^\xf1\x04b\x02KNJ\xa4\xb6\xe4\
\x01\xf6$\xc2}\x98\xbf2(\x95s\xb04t\x9b0\
\xae#aB\xc8\xc6\x92\x93\x12i-y\xd7\xf7\x12\xef\
I\xd4\x1do\x80GU\xbf\x88\xfc\x80\xed\x89\x09\xe3p\
\xf2\xd1\xfdBI,9\xe9\x90\xce\x927\xae\x94xO\
\xa2\xf5a\x01\x1e\x97&\xe4\xb7\xdc\x02,\x85:\x13\xc6\
9\xd8\x96y\x02\xb1\x08KNJ\xa4\xb2\xe4\xa5\xde\x93\
\xc8?\xea\x84\xc7\xcc\x90\xfc\xb5\x0a\xdb\xbc\x09\xe3)\x12\
\x86\x84\x8a\xb0\xe4\xa4C\x0aK\xee\xd9\x9384n\xe2\
\xc8\x8e\xb6\xc3\xe3y\x97l\xc85\xc3\xd2\xd2j\x82\xb8\
\xd3\x09\xdbK\xa1\x22,9)\x91\xbe\x92\x7fn.\xe9\
\x9eD\xf6\xf4Ux,\xef\x93M\x8bQ\x06&\x8e\xc0\
\xb6\xc0\xffV\xb6a\xc9I\x89\xb4\x95\xbc\xd4{\x12W\
\x0e\xc0c\xe1K\xa5l\xaa\xcd\xc4\x18\x988\x8b\x841\
\xa1b,9)\x91\xb2\x92\xbb\xf7$\xfa\x06L\x1cw\
;\xe0\xd1\xb3\x9a\x93-K1\x06&\xea\xdaa\xab\x12\
\xda\x86%'%RUr\xdf\x9eD\xab\x89\xe2\xc4)\
x4/\xe6\xc42\x18e`\xe2A\xf2\xc9Z\xa1m\
XrR\x22M%\xbfX\xd2=\x89\xf3G\xe0\xb3\xbf\
Q\x12>\xc4\x18\x98\xb8\x80\x84\x9fB\x0e,9\xe9\x90\
\x9e\x92\x97vO\xe2\xf0\x19\xf8\xbc\xaf\x97\xa4~\xd8:\
L\x10\xf9\xcb\xb0]\x12r`\xc9I\x89\xb4\x94\xdc\xb7\
'\xf1\xc9\xc4p\xe7\xb6\xff\xc3\xfc[R\xac*\xc6\xc0\
\xc4$l\x99A!\x17\x96\x9ctHI\xc9'\xdc{\
\x12\xf7\xf2&\x82\xba'\x0d\xf0x\xd1/\xdb\xf4\xc6\x18\
\x988\x91\x81\xed\xa2\x90\x0bKNJ\xa4\xa2\xe4\x95o\
\xe0Rq\xccD\xd0:_\x80\xc7\xb3^q\xb8\x14a\
`b\xf8\x00l3Bn,9\xe9\x90\x86\x92\xf7\xce\
\x95nO\x22\xdf\xd4\x02\x8f\x99\x11q\x19\x89101\
\x8f\x84~!7\x96\x9ct\xd0_\xf2R\xeeId\x9f\
\xf6\xc1cnL\xdcf\x22\x0cL\xb45\xc0\xf6F\xc8\
\x83%'\x1d\xd4\x97|\xc4\xbd'\xd1\x945\xe1\xf9?\
\xcc\xff\xf8U<\xa2\x0cLL\xc16\xc7y\x09/\x96\
\x9ctP^\xf2R\xeeI\x0cT\xc0\xa3\xe7\x9b\xaf\xa5\
q\x06&\x9ax\x02q\x8fXrRBw\xc9\xbb\x16\
J\xb6'1;\x05\x8f\xe6\x8b9q\x8b40\xd1]\
\x80m]\xc8\x8b%'\x1d4\x97\xdc\xb3'q\xbf\xdb\
\x04\xb7V\x0d\x8f\xccb\xa3\xb8E\x1b\x98\xb8\x0f\xdbw\
\x9e@\xf4c\xc9I\x09\xc5%\xdf\xe7\xde\x93\xa81\xc1\
\xb5M\xc3g\xa9V\xdc\xe2\x0dL\xd4 \xa1K\xc8\x8b\
%'%\xd4\x96\xbc\xb6\x0a.\xd3\xe3&\xb4\xd7\x0f2\
\xf0xY/n\x11\x07&\xeaZ`[\x11\xf2c\xc9\
I\x89_\xec\xddiO\x13Q\x14\xc6\xf1s\xc6\x05u\
l\xb5\xa2 \xe2V\xad\xb2)\x8a\xfbF\x05Y\x8a\xc6\
\x05q#Q\x10cL\xc4(Q\x83\x12\x97\x90\x98\x98\
\xf8J\xdf\x18\xbf\xafo\xef\x989\xf4\x8e\xbdw:s\
\xfa\xfc>A\x93&\xff\x17\x93\x9c\xfbh-yj{\
\x12w/w\x91\xe0\xe4$\x0b|\x0eL\x9c'S\xb5\
\xcc C\xc9A\x09\x9d%\x17\xf6$\x0eu\x04\x8em\
\xdf/\x1f\xe6\xcf\xb0\xc0\xeb\xc0\xc45\x8a\xf8\xc1\xb0\x06\
\x94\x1c\x94PY\xf2\x9f)\xedI\xf4]8C\x82\xb9\
q\x16\xf8\x1d\x98\xe8\x1b!\xd3\x0b\x86\xb5\xa0\xe4\xa0\x84\
\xc2\x92\xa7\xb5'1!\x1f\xe6/\xd5X\xe0{`b\
\x8aL\x95N\x86\xb5\xa0\xe4\xa0\x84\xbe\x92\xa7\xb4'Q\
\x98M~\x98\xcf\xde\x07&vk\xffw\xb3\x0d%\x07\
K(y\x1d\xa3\xf3\x14#t\xbe'qd\x98\x04\xbf\
V\xdbX\xe0}`\xa24L\xa69\x86\xb5\xa1\xe4\xa0\
\x84\xae\x92K{\x12{\x03\xb7\xfa\xe5\xc3\xfc\x8dE\x96\
\xf8\x1f\x98\xb8I\x11\x93\x0cu\xa0\xe4\xa0\x83\xaa\x92K\
{\x12\x13\x81S\xbb\x8f\x92\xa0\xb2,u<\x95\x81\x89\
\xde\x90L\xef\x18\xea@\xc9A\x09E%OiOb\
\xcfm\x12\x84o\xcblo\x88L\x9f\x83\xc6\x15\x06\xc9\
\xb4\x80'\x10\xebC\xc9A\x07=%\x17\xf6$.\x14\
\x02\x97\x06\xce'?\xccOk`\xe2\x11E\xcc0\xd4\
\x85\x92\x83\x0eZJ.\xedI\x0c\x04.]\xb9\x14\x92\
`e\x8c\x05i\x0dL\xb4w\x91\xe95C}(9\
\xe8\xa0\xa4\xe4\xb5/)\xecI\xdc\xbd\xd7E\x82M\xa3\
,Ho`\xe2\x00\x99\xde\xe0\x09D\x1b(9\xe8\xa0\
\xa2\xe4\xa9\xecIl\xbd\xb9\x8f\x04C3,Hq`\
b\x96\x22j\x0c\xf5\xa1\xe4\xa0\x84\x86\x92\x0b{\x12O\
\x02\x87J\x8d\x1d\xe6\xfb\x1f\x98\xb8\x1e\xfd}+\x0c6\
Pr\xd0!\xff%OcOb\xe2\xd61\x12,\x5c\
dA\xba\x03\x13\xdb\xf0\x04b\xf3\xa1\xe4`\x09%\xb7\
\xdb\x93\xe8q\xb9'Q\xd8q\x9a\x04o\xd6\xb1 \xe5\
\x81\x89\xb3\xff\x04\x83\xc1\x06J\x0eJ\xe4\xbc\xe4i\xec\
I\x9c\x1d&\xc1\xcb?m\xfc?\x8aU\xd7\x03\x13[\
\x8f\x91i\x13\x83\x15\x94\x1c\x94\xc8w\xc9\xe3\xf7$\x8e\
\x9d\x0d\xdc\xe9\x1f$A\xf5c\x91e\xf6\x03\x13\x87\x83\
\xc6]\x22Se\x17\x83\x15\x94\x1c\x94\xc8s\xc9;\x87\
(\xce\x9d\xed\x813_\xe5\xc3\xfcwE\xfeOe\xe7\
\x03\x137(\xe2\x1b\x83%\x94\x1ct\xc8q\xc97\xc6\
\xefI\xf4\x07\xce\xf4\xee$\xc9\xf12K\xd2\x1f\x98(\
\x9d#\xd3\x10\x83-\x94\x1ct\xc8m\xc9'\xe7|\xef\
I\xb4\x9f'\xc9\x87N\x96\xa5?0\xd1M\xa6\x10O\
 ZC\xc9A\x89\xbc\x96<~O\xe2\xdc\xd34\x0e\
\xf3\xdf\x8fq#V\xc8\xe4\xe0\x9b\xfe\xa7\x90L\xcb\x0c\
\xd6Pr\xd0!\x9f%\x17\xf6$\xbaK\x81#\x1d\xdd\
\xae\x0e\xf3\xfd\x0fL\x14\xd6\x93i\x09O \xdaC\xc9\
A\x89<\x96\xbcm\xd1\xf3\x9eD\xdf}\xf90\xff*\
\x0b\x9a60q\x81\x22F\x19\xec\xa1\xe4\xa0C\x0eK\
\xee{O\xa2\xf4\xa8\x87\x04\xf3\xb5\xc6\x7f\xbd\xeb\x81\x89\
\x81.2\x1dg\xb0\x87\x92\x83\x12\xb9+y\xf1\xb8\xdf\
=\x89\xc2\x93\x11\x97\x87\xf9\xfe\x07&\x8e\x92\xe9\x19\x9e\
@L\x04%\x07\x1d\xf2V\xf2q\xcf{\x12\x07\xcf\x91\
\xe0\xcb\x0fv\xa0F\xa6\x87A\xc3nQ\xc48C\x12\
(9\xe8\x90\xaf\x92\x17\xbfS\x9c\x07\x03\x81\x1b\xd7\xb6\
\x90\xa0\xfa\xad\x8d\x05M\x1d\x98\xb8\xb2\x8fL\x1f\x18\x12\
A\xc9A\x87\x5c\x95\xdc\xf3\x9e\xc4\x8dA\x12TN\x14\
Y\xd0\xe4\x81\x89\x9ddz\x89o+\x09\xa1\xe4\xa0C\
\x8eJ^|Eq\x0e\xb4\x07N\xec=@\x82pQ\
\x0ad\xd3\x07&\x0eR\xc44C\x22(9(\x91\x9f\
\x92O{\xdd\x93\xe8\xddF\x92\x0dev\xe57\x99\xba\
\x83Fu\xf4\x90\xe9$CB(9\xe8\x90\x97\x92\xfb\
\xdd\x93h\xbfC\x92W\x9d\x1c/\x0b\x03\x13\x87\xf0\x04\
b\xa6\xa0\xe4`\xa9UK\xeeuO\xe2\xfaTH\x82\
\x93\x93\x1c/\x13\x03\x13\xfd\x14\xb1\xca\x90\x10J\x0eJ\
\xe4\xa2\xe4^\xf7$:\x1ew\x91\xe0\xc5(\x0b21\
0\xd1w\x1aO f\x0bJ\x0e\x96Z\xb2\xe4\x7f<\
\xeeI\xf4=\xdfG\x82\xb9\xab,\xc8\xc8\xc0\xc4e2\
\x85c\x0cI\xa1\xe4\xa0D\xf6K\xeesO\xa2t\xb8\
\x87\x04K5v\xac\x5cq;0\xf1\x95\x22>2$\
\x87\x92\x83\x0e\x99/\xb9\xc7=\x89\xc2\xec\x08\x09\x9eM\
\xb3 3\x03\x13\x13\xc3d\x9agh:\x94\x1c,\xb5\
Z\xc9\x85=\x89)\x17{\x12G\xe4\xc3\xfcUv\xaf\
\xd3\xf1\xc0\xc4}<\x81\x989(9Xj\xb1\x92/\
\x93\xb7=\x89\xfe\xf5$\xa8nl\xe3xY\x1a\x98\xe8\
\x0d\xc9\xb4\xc8\xd0|(9Xj\xa9\x92{\xdc\x93\xd8\
\xfd\x80\x04\x95\xe5\x22\xc7\xcb\xd4\xc0Da\x90L\x0b\x98\
\x97\xc8\x02\x94\x1c,\xb5P\xc9\x85=\x89-\x0e\xf6$\
>o&Ax\xaa\xcc\xf1260q\x98\x22\xae2\
d\x00J\x0e\x96Z\xa7\xe4\xc2\x9e\xc4_\xf6\xee\xad\xa7\
\xa9(\x08\xc3\xf0L=\xa0\xd66V\x11\xadZ\xb5Z\
Q<\x1f\xaa\x1c\x04\x14\x81\x22F\x05\x11\xd1\x04\xab\x12\
C\xa2D@\x89\x87\xa8\x89\x89\x89\x09Wrc\xfc\xbf\
\xde\xae\x9dtt\xe8^\xdb\xce^|\xcf/\xa07_\
\x02e\xd6;=\x1a?\xcd0C\x927\xd2\x95\xa4\xb5\
\xc0\xc4r)\xfas3X\x80%\x07\xa5\x8d\xb2\xe4R\
O\xe2T&\xae\xe5\x89,\x09>\x0dsc\xf6\x02\x13\
G\xc8\xf5\x15O \xda\x80%\x07\xa5\x0d\xb2\xe4\x89\xf5\
$\x1e<\x94K\xcb5n\xcc``b7E\x8c1\
\x98\x80%\x07\xa5\x0d\xb1\xe4\x89\xf5$v\xde\x95K\xcb\
S,0\x18\x98xP%\xd7\x0a\x83\x0dXrP\xda\
\x08K\xde\xb8'Q\x8a}\xdd^\xe8\xa9\x92\xa0>\xc2\
\x02\x93\x81\x89\x19r\x0d\x96\x19l\xc0\x92\x83R\xf8K\
^\x16z\x12\xcb\x99xF\x8f\x9f%\xc1R/\x0bl\
\x06&\xaeR\xc4&\x06#\xb0\xe4\xa0\x14\xfc\x92'\xd4\
\x93\xc8\xed\xbeB\x829q\x09\x8d\x06&\xba\xce\x92k\
\x9e\xc1\x0a,9(\x05\xbe\xe4I\xf5$\xae\x0e\x90`\
\xedW\x1b'-\xbf\xe650\xd1G\xae\xca>\x06+\
\xb0\xe4\xa0\x14\xf6\x92\x0b=\x89\xa3\xc9\x1d\xe6\x7f\xcc\xb3\
\xccf`\xe29E\xfcd0\x03K\x0eJ!/\xb9\
\xd0\x93\xe8\xee\x88y\x98\xdfI\x82\xca\xbb<\x8b\xac\x06\
&\x0a\xd7\xc8Ug\xb0\x03K\x0eJ\x01/y2=\
\x89\x03\xed$\xc8\xbe-\xf3?X\x0cL\xccRD\x8d\
\xc1\x0e,9(\x05\xbb\xe4\xc9\xf4$\xcet\x93\xe4\xc7\
^\xfe+\xa3\x81\x89\x03Yr\xbdg0\x04K\x0eJ\
\xa1.y\xe3\x9e\xc4\x95x=\x89\xfe\xbeX\x87\xf9\x16\
\x03\x13\xb9\xcd\xe4Z\xc2\x13\x88\xa6`\xc9A)\xcc%\
O\xa4'\xd1qP>\xcc\x1f\xe2\x7f1\x1a\x98\xe8\xa1\
\x88)\x06K\xb0\xe4\xa0\x14\xe4\x92\x0b=\x89\xfd\x99\x18\
\xba\xa6U\x87\xf9\xc9[\xf0\x19\x98\xd8S$\xd79\x06\
S\xb0\xe4\xa0\x14\xe0\x92\x0b=\x89\xd98=\x89\xc2\xe3\
*\x09\x9e\x8d\xb0\x8a\xc9\xc0D'\xb9\x16\xf1\x04\xa21\
XrP\x0an\xc9\xa5\x9e\xc4\xe7L\xf3r\xf7\xce\x92\
\xe0E/\xeb\xf9\x0fL\xdc\xc9\xc4\xf2\x94\x22F\x18l\
\xc1\x92\x83RhK>\xf5B\xeeI\xf8?\xcc_\xdc\
\xc4J\xc9\x04&\x8edb\x19/\x91k\x81\xc1\x18,\
9(\x85\xb5\xe4\xf9-\xfe{\x12Ww\x90\xe0\xd5\xf7\
6V\xb3\x18\x98h\x8f~\x1c\xfcm\xc5\x1c,9(\
\x05\xb5\xe4\x09\xf4$\xee\x9c\xf7r\x98o20q\x82\
\x22&\x19\xac\xc1\x92\x83R@K.\xf4$:cd\
\x18\x0e\x1d!A\xe5u\x9e\xf5L\x06&:N\x92k\
\x1b\x839XrP\x0ag\xc9\xfd\xf7$N\xb5\x93d\
K\x99\xf5\x8c\x06&&\xc8U\xd9\xcb`\x0e\x96\x1c\x94\
BY\xf2\xf2'\xdf=\x89=\xc7H\xf2a\x1f\xaf\x87\
\xcd\xc0\xc4i\x8a\xf8\xcd`\x0f\x96\x1c\x94\x02Y\xf2\xc6\
=\x89\xea\x93L\xb3\xc6ogI\xb0R\xe3\x16\xf9\xe6\
10Q\xb8B\xaeK\x0c\x06a\xc9A)\x88%/\
_\xa4F\xda\xc73M\xea\x98-\x92`~\x88\xd7\xc9\
f`\xe2!\xb9\xb2\xc3\x0c\x06a\xc9A)\x84%_\
\xf5\xdc\x93\xe8zY\x22A\xfd\x067\xc1``\xe2P\
\x96\x5c\x17\x18,\xc2\x92\x83R\xfa\x97\xdcwO\xa2p\
\xfc$\x09\x9e\x8d\xf1\xba\xd9\x0cL\x8c\xee\x88~0\x06\
\x93\xb0\xe4\xa0\x94\xfa%\xf7\xdc\x93\xc8=\xbdI\x82\xb9\
In\xa9w\x1e\x03\x13\xd3\x141\xc4`\x12\x96\x1c\x94\
R\xbe\xe4\xc3\x97\xa8\x91\xbe\x9d\x99\xe6\x1c\xbdF\x82\xaf\
\xab\xdc\x14\x93\x81\x893Er]f\xb0\x09K\x0eJ\
\xe9^\xf2\x8fY\xaf=\x89[ri\xf9g\xcb\x13\x0c\
[<\x06&\x1e\x91k\xae\xe5\x9f\x0d\xb0\xe4`\x8cj\
\xc9M\xf6$\x9e?\x22A\xe5B\xeb\x9f$\xf1\x19\x98\
8\x8e'\x10S\x02K\x0eJ\xe9]\xf26\xbf=\x89\
/\xdbI\x90}]\xe6\xd6\xf3\x18\x98\xe8/\x91\xeb\x07\
\x83UXrPJ\xed\x92\xfb\xedI\x9c\x99!\xc9\x1b\
\x13g\xec5\x8f\x81\x89\xfb\xe4Zk\xfd\xef\x1b\x80%\
\x07k\xfe\xcf\x92\xb7]\xf6\xd9\x93X\x9e\xc8\x92`a\
\x1f\x9b\xe010\xb1\x9b\x22z\x19\xcc\xc2\x92\x83R:\
\x97\xdckOb\xfcz\x91\x04\x17kl\x83\x10\x98\xf0\
\xf0\x04\xe2\x0a\x83]XrPJ\xe3\x92\x0b=\x89\xf3\
M\xf5$v\x1d\x96\x0f\xf3\xed\x94\xe6=\x06&\xba\xc9\
5h\xe1;\x00\xc0\x92\x835\xc9/\xf9\xc8\x225P\
|\x9ck\xe60\xbf\xa7J\x82\xba\xa1\x7f\xe9\xf0\x18\x98\
\xb8E\x11\xab\x0c\x86a\xc9A)uK\x9e\xff\xe0\xaf\
'1*\x1f\xe6/\x8d\xb1!\xfe\x02\x13]7\xc95\
\xcf`\x19\x96\x1c\x94\xd2\xb6\xe4\x1e{\x12\xb9'f\x0f\
\xf3\x93\x0bL\xdc&W\xc5\xc8\xf7\xb9\x80%\x07c\x84\
%O\xb4'\xb1\xbd\xbf\x99\x8a\xe5\x00\x09\xd6\xbe\x19;\
z\xf4\x17\x98\xd8\xdf\xf2\x87+\x01K\x0ei\x90\xe48\
L\x0ez\xebI\x9c\x96\x0f\xf3\xb7\x1a\xdbq\x8f\x81\x89\
\xc2\x00\xb9\xea\x0c\xb6a\xc9A)EK\xee\xb1'\xb1\
\xbf\x93\x04\x95\xf7\xe6\x0ee\xfe\xb0wo=MDQ\
\x18\x86\xd7\xae\xba=\x8c\xd5\xd4s\xd5z\xac\x91*\x9e\
\xc5s\x11\x89x \xa0\x22\x88&*\x81\x18\x125\x88\
BT\xa2\x12\x13\xae\xbc\xf3\xc6\xf8\x7f\xbd\xddc\x5cf\
\xb7\xb3\x86Y\xab\xfd\x9e\x9f\xc0\xc5\x07\xb4\xb3\xe6\x15\x0c\
L\x8cP\x8a\x96g,\x01K\x0e\xdax\x17R\xd9\x93\
\xd8\xfb\x80\x18\xc9\x07\x85\x0f\xe5\xc9\x05&z\x12\x0a-\
8P\x0eK\x0e\x91\xac,\xf9\xeeY\xa9\x9e\xc4\xc9\xcb\
\xca\x0f\xf3s\x0bL\x94\xd7RhZ\xdb\xa7H\x80%\
\x075\xbc\xcb\xc3\xca\xbf{\x12\x83\xa5V\xdd\xb8\x96\x10\
cIg\xcbR.0\xf1\x94R\xf4\xdc=\x01\x96\x1c\
\xb4\xf1.MUObl\xbcJ\x8c\x0dJ\xbb9r\
\x81\x89\xedU\x0a\xcd9P\x0fK\x0e\x91,,\xb9T\
Ob\xf3H\x8d\x18\xe7\xd4\xfe\x81*\x17\x988H\xa1\
w\xea\xbe\xd9\x05,9\xe8\xe1\x1dC\xb8'1^)\
\xb5\xa6b\xe30\xff\xbf\x81\x89f\x86\xc0\xc43JQ\
u\xc3\x0aXrP\xc6;\x86hO\xa2\xd9jOb\
h\xb4\x97\x18\xd3\x9a\xdf\xeb*\x16\x98\xb8\x7f\x91BK\
\x0e\x0c\xc0\x92C$\xe5K~k^\xa4'Q\xdev\
\x81\x18\xef\xd68\xc5\xe4\x02\x13[\xf1\x0aD\x83\xb0\xe4\
\x10I\xf5\x92K\xf5$\xfa\x9a\xc4x\xfd[\xf7\xa3x\
b\x81\x89>JQ\xfd\xeb\x0b\xb0\xe4P8\xef\x5c\xbe\
=\x89\xea\xabr\x8b\x87\xf9\xa7\x89\xd1\xffY\xf9\xd7~\
b\x81\x89\xcd\xbd\x14\xda\xe0\xc0\x04,9D\xd2\xbb\xe4\
[\xe6Dz\x12\xcb\xfca\xfe\x82\xf2\x1d\xff;0\xf1\
\xa5\xd4\xb6k\x14\xaak\xbc\x80\x02,9(\xe2U\xf5\
$zv\x10\xe7\x94\xfe\x8f\x8a\xc5\x02\x13\xc3\x94\xb2\xe2\
\xc0\x06,9DR\xba\xe4\x5cOb{k\xb70\x97\
\x89\xf3\xc9\xc2\x9b\xb9\xa5\x02\x13\x95K\x14:\xe7\xc0\x08\
,9D\xd2\xb9\xe4w\x7f\xd2?\xd4F\xa5\x0e\xf3\x17\
u\x1e\xe6\xe7\x15\x98\xd8G\xa1\x04\xaf@4\x03K\x0e\
\x914.\xb9HOb\xd7>s\x87\xf9y\x05&\xbe\
$\x14\xfa\xe8\xc0\x0a,9DR\xb8\xe4\x12=\x89\xc6\
\x04\x7f\x98\x7f\xd3\xd9\xc0\x04&\xb2\xbe\x02q^\xf7s\
\x97\x80%\x07\x0d\xbc\x82\x9eD\xe5\xe9qbL\x99\xb9\
R_/\x15\x98\xb8B)F\xfe!\x01,9\xb4@\
\xdb\x923=\x89c\xa5x\xe5\x176\x0f\xf3\xff\x1b\x98\
\x98(\xb5\xebd\x95B\xa7\x1c\xd8\x81%\x87H\xba\x96\
\x5c\xa0'Q>t\x89\x18\xdf~8;\xc4\x02\x13O\
(4\xa3\xfe\x19z\xc0\x92\x83\x02\xbe\xd8\x9e\xc4\xe0&\
b\xf4\xaf\x98\xfa\x80X*01J)z\xdf\xfa\x08\
XrP\xc4\x17\xd9\x93\x18>M\x8c\xfa\x19[\x7f\x8c\
J\x05&n\xd4(\xf4\xc9\x81%Xr\x88\xa4g\xc9\
\x99\x9e\xc4p)\xda\xfe\x83\xc4H\xde\xd8\xdaq\xb9\xc0\
\xc4\x03\x0a\xbd\xb6\xf6c\xe8vXr\x88\xa4e\xc9\xb3\
\xf7$z\xb6\x12g\x9d\xfe\xc3\xfc\x9c\x02\x13\x87(\xe5\
\x91\x03S\xb0\xe4\x10I\xc7\x92\xaf_\xc8\xda\x93\xd8\xfe\
\x908o-\x1c\xe6\xe7\x13\x98\xd8u\x9cBg\x1d\xd8\
\x82%\x87H*\x96\x9c\xe9I\x1c\xa8D\x07q\xee%\
\xc48k\xf16]*0q\x84Bus\xff\x9at\
=,9DR\xb0\xe4LOb\xed\xd7R\xa4]\xcf\
\xab\xc4\x98\xb5y\x07#\x14\x988A)\xdf\x1d\x18\x83\
%\x87H\xc5/\xf9\xcd\x8c=\x89\xc6\xab\x1a1^Z\
9\xcc\xcf'0\xd1\x18\xc0+\x10\x8d\xc3\x92CQ\xfc\
\xea\xf6$*G;\xe00?\xa7\xc0\xc4u\x0a%&\
\xde\xff\x08XrP\xc1\xaffO\xa2\xfcl\x80\x183\
v\x9f\xd3\xb8-\x13\x98X\xa6\x94\xcf\x0e\xcc\xc1\x92C\
Q\xfc*\xf6$\x8e\xf1\x87\xf9\x96?\x13\x96\x09L\x0c\
5)4\xe5\xc0\x1e,9\x88\x93_\xf2\xab\xd9z\x12\
\x83k\x89\xd1\xefM\x1d\xe6\xe7\x13\x98\x98\xc0+\x10\xed\
\xc3\x92\x830\xf9%?\xbc\x98\xa9'\xb1\xe7\x091\xea\
\x1fm_2\xca\x04&z\x12\x0a\xbdq`\x10\x96\x1c\
\x8a\xe2\xb3\xf5$\x22\xef\xd2\xbfn$Fr\xde\xf8S\
\xd32\x81\x89\xf2i\x0aM[\xfe'\xa5\x8ba\xc9\xa1\
(>KObr\xac\x14\xe3\xe4$q\xe6v:\xdb\
\x84\x02\x13G)\xc5\xe8\xe3\x98]\x0fK\x0e\x82\xe4\x97\
\xfc{=CO\xe2\xfd\xc3\x84\x18K\xf6\x9f\xb4\x93\x09\
L\xbc\xafQh\xce\x81IXr(\x8a\xcf\xb9'1\
6\xce\x97\x96-\x1e\xe6\xe7\x13\x988H\xa1o\xb6\xbf\
8\xe8bXr(\x8ao\xb3'1\x10\xd5\x93\xd8<\
\xc2\x97\x96\x1f\xbb\x0e \x13\x98\xd8F)fO\xa4\xba\
\x1e\x96\x1c\x8a\xe2\xdb\xecI4b\x0e:\xaf\x5c$\xc6\
\xcb\xce\x88\xe1\xa4\x03\x13\x03m\x06&\xc6.Rh\xd1\
\x81QXr\x10!\xbf\xe4g\xda\xefI\x0c\x1d\xed%\
\xc6\xbc\xa1\xd2\xf2*\x04&&)\xd4o\xfca\x9en\
\x86%\x07\x01\xf2K~g\xaa\xed\x9eDy\xdb\x05b\
\xcc\xacq\x1dB&0\xd1G)\x1d\xf3\xd3\xe9BX\
r(\x8ao\xbd'\xb1\x1c\xb3NMb\xfc\xfc\xd59\
\xcfJ\x8b\x04&\x1a\xbd\x14\x9au\xf0\x87\xbd{{\xa9\
\x22\x8a\xe28\xbe\xf6t\x9a\xca\xe9@\x93&\x1d\xf3d\
\xe4)/\xc7\xee\xa5ff7\xa4\x0c\xd3J-!\xaf\
D`\xa1e\xd1\x85\x08\x82@\xe8I\xdf\xfa\x7f{\xdd\
\x03g\x8d1\xb3O\xfb\xccZ\xbf\xcf{/>\xfcB\
g\xd6|\x0b\x0bK\x0e\xbe\xf0K\xfe\xbcqOb:\
\x0e\xf65\x98r\x98/\xe8\xbd\x0c7\x81\x891\xb2\xd5\
\x0aXL\x02,9\xf8\xc5/\xf9\xa1mj\xa4\xd4\x15\
\xec\xeb\xe4yb\xd4>\x0a\xdaqG\x81\x89UJ\xd8\
5P\x5cXr\xf0%dz\x12\xebY{\x12]\x1d\
\xc4\x88\xb6e=\xcbs\x12\x98\x88\x87\xc9\xb6l\xa0\xc0\
\xb0\xe4\xe0K\xe8\xb6'Q\x1f!\xceN\xd1\x0f\xf3\x9b\
\x12\x98xE\x09\x02\x8e\xa54\xc3\x92\x83\x07\xec\x92?\
l\xdc\x93\xe8-\x07\xfb\x18\x1f\x93|\x98\xdf\x8c\xc0D\
WD\xb6\xcf\x06\x8a\x0cK\x0e\xbe\x84\xaez\x12\xe9\x87\
\xf9\x02?\xb7\xed\x220Q.\x91\xed\xbd\x9c\xd7zt\
\xc2\x92CF\xee\x97\xfc\xe6F\xb6\x9e\xc4\xc0\xbc\xf0\xc3\
\xfcf\x04&F)A\xe2\xcfI\x15,9\xf8\x12\xfe\
SObf<H\x17\xbf\xbcN\x8c\x15\x19\x87\xf9\xcd\
\x08L\xb4W\xc8v\xc1@\xb1a\xc9\xc1\x97\xd0\xd8\x0e\
d\xebI\x94\x9f\x0c\x11cM\xcaa~3\x02\x13\xe7\
\xc9\xb6%\xea\x15M\x95\xb0\xe4\xe0\x8b\xbd\xe4'\x0e3\
=\x89\xcc\x87\xf9[RO\xcf\x9d\x04&\x96(A\xe6\
\xef.\xaa`\xc9\xc1\x970wO\xe2F\x1b16~\
\x89}\x82\xe7\x2201U%\xdb;\x03E\x87%\x07\
_\xc2}z\x12g;\x83T\x8f/\x12c\xe2\xab\xdc\
\xbf\x168\x09Lt\x90mC\xeeOK\x0f,9\xf8\
`/\xf9n\xe3\x9e\xc4`\x90\xaa\xbb\x87\x18\xb5\xb7\x92\
\x97\xc9E`\xe2\x1c%<5PxXr\xf0\xc0Z\
\xf2\x07\xcbYz\x12\xfd\x1d\xc49(\xeb0?=0\
\x11\x07\x19t\xf6\x91\xed\xb0\x81\xe2\xc3\x92\x83/a\xe6\
\x9eD\xfbY\xe2|\x11\xfeA\xbf\x83d[\x0c\xb2\x98\
%[M\xda\xa7\x0ct\xc2\x92\x83/\xa11\xf7V\xa8\
\x81(\xbd'1\xf5(\x22\xc6'\xe9\x1f\x0fq\x11\x98\
\x18\xa4\x84?\x06\x04\xc0\x92\x83/!\xd7\x93\xe8\x0eR\
t\xbeRu\x98\xef>0\x11_#\xdb\x15\x03\x12`\
\xc9\xc1\x97M\xa6'1\x19\xf0\x06^W\x89\xb1|\xc7\
\x88\xe7\x2201G\xb6H\xdc\xe7\xc5\x94\xc2\x92CK\
I\xedI\xc4\xbd}\xc4Xyh\x14\xb8\x9c?0\xd1\
\x1d\x91\xed\x92\x01\x11\xb0\xe4\xd0B*\xa3\xe5\x80U^\
\xbaK\x8cu\x1d/\xd29\x08LL\xb6\x91m\xc5\x80\
\x0cXrh\x1d\x0b\xf5\x80wf\x98\x18?~\x1b\x1d\
\x1c\x04&\xe6)A\xfe\x93\x05-\xb0\xe4\xd0*R{\
\x12\xf7\xdb\x881\xb1+\xf60\xdf}`\xa2^!\xdb\
U\x03B`\xc9\xa1E\xa4\xf5$V\x17\x88Q\xbb$\
\xf9\xa0\xd3y`b\x81l\xebZ\xfe\x0fT\x00K\x0e\
-\xa1\xba\x14\xb0\xbe\x1f!F\xf4V\xf4AgZ`\
b6\xc8\xa0\x17\x9f@\x94\x0aK\x0e\xad \xa5'Q\
\x7fA\x9cMU\xe7\x89\xf9\x03\x13\xe3U\xb2\xed\x18\x10\
\x03K\x0e\xfe\xf5\xf1=\x89\x0f\xb3\x111\xde\x09?\xcc\
O\x0dL\xcc\x05\x19\xcc\x90mO\xcf\xdf\xa5\x14\xc0\x92\
\x83w|Ob\xeaV\x85\x18\x97\xa5\x1f\xe6\xbb\x0fL\
\x1c\xa7\x04\xa1I%\xa5\xb0\xe4\xe0\xd9\x10{s~\xec\
4\xbb\xe3o\xd4\x15\x84C\xb2\xcd\xe7\xff\x04\xe2'\x03\
\x82`\xc9\xc1\xaf\xd9c\xdca\xfe\xe8u\xcd\x87\xf9\xee\
\x03\x13#d\x9bP\xf4\xacX\x03,9x\xc4\xf7$\
&\xf9\xc3\xfc\xf7*\x0e\xf3\x9d\x07&\xeeS\x82\x96k\
*-\xb0\xe4\xe0\x0d\xdf\x93(/j?\xccw\x1e\x98\
\x18\xb8K\xb67\x06D\xc1\x92\x837\xc3\xab\x5c\x9d\xec\
61\xf6~\x1a\x95\xf2\x07&\x1e\x91\xad\xa6\xeb\xbd\x1f\
\x05\xb0\xe4\xe0It*fJ\x08%bL\x84J\x8f\
\x12\xf3\x07&NRBh@\x16,9\xf8\xd1\xd6\xcd\
L\x0e\x7f\x98\xffY\xed\x0b\xd0\xb9\x03\x13\xf1m\xb2-\
\x1b\x10\x06K\x0e\x1e\xb0=\x89\xae\x19\xf6_l\xeb}\
\xd9\x22\x7f`b\x9a\x12\x94\xbd\x8b\xaf\x01\x96\x1c<(\
\xf5\x07\x8d\xd4Gp\x98\xdf\x94\xc0D\x7fD\xb6\x8f\x06\
\xa4\xc1\x92C6\xee{\x12\xe3c\x111\xbe\xa9n\x94\
\xe5\x0eL\x94Kd[S\xfa\xb4A4,9d\xe1\
\xbe'\xf1lNsi\xb9\xb9\x81\x89\x97\x94\xa0\xee>\
V\x03,9d\xe0\xbc'qt\xbaJ\x8c+\xda\x87\
'w`\xa2\xbdB\xb6M\x03\xf2`\xc9\xe1\xbf\xeai\
\xd4\x93\x88S\x0e\xf3\xf1\x0d\xed\xdc\x81\x89\x1e\xb2m\xa9\
}\x03H4,9d\xe0\xb4'1\xf9d\x88\x18k\
\xf8^_\xfe\xc0\xc4\x22%h\xfc\xd6\x81\x02\x7f\xd9\xbb\
\xb3\xd6\xa6\x828\x0c\xe3\xef\x1cw\x8fA\xa2\x22nA\
\xb1\xd1\x9a\xd6\x15\xdbT\xab-\x22\x14\xac\xb8b]\xa0\
\xae\x88\xa0\x82\x16\xc5*Z\x11\xbc\xf2\xcaK\xbf\xafU\
\x89\xcc\x5c\x0c\x9a\x9e\x99\x9e0\xf3\xfc>\xc4[z\xc8\
\x7f\x1e\x96\x1c\x15\x04\xe8I4\xb6\x9d\x96\xc7\xab5\x06\
\xe6q\xc5\xc0\xc4\xec\x98l\x1f\x0cR\xc4\x92\xa3\x82\xea\
=\x89\xf1)y<\xff\xc1O,B\x04&\xb6\xf2\x04\
b\x0eXrD\xe7\xefI\x8c\x1c\x97\xc7\xf4{>\xe7\
\x06\x09L\x8c\xcb\xc1\xbf9\x89b\xc9\xe1\x15\xbb'\xf1\
\xf9\xb0<\xdao\xd8\xf10\x81\x89-Ge\xdbh\x90\
&\x96\x1c~Q{\x12Gv\xc8\xa3<\xc6'\x80P\
\x81\x89I\xd9\xda9_\xca\xa6\x8d%\x87G\xdc\x9e\xc4\
\xf6\x09\xf9,\xf2\xe2j\xb0\xc0\xc4e9\xbe\x1a$\x8a\
%Gt\x97:}\x1c\xe6\xbf\xcd\xfa0?p`\xa2\
\xd9\x95\xed\x94A\xaaXrx\xc4\xebI\xec\xdc\xcba\
\xfe\xea\x04&\xf6\xcaV\xf2\x04b\xbaXr\xf8D\xea\
It\xe6\xfc\x87\xf9\xf9\x95\x96\xa3\x06&>\x96\xb2\xbd\
3H\x16K\x0e\x8f8=\x89\xe6\xdday<\xe4\xfa\
0@`\xc2\xff\x04\xe2k~\x9f\x9f0\x96\x1c\xf1\x94\
s3\x85\xa3q\x9f\xc3\xfc\xd5\x0bL<\x95\x83\x0fW\
)c\xc9\xe1\x11\xbe'\xd18\xd0\x95\xc7\xd27\x83\xc0\
\x81\x89\xd1\xdd\xb2\x1d3H\x18K\x0eW\xbc\x9e\xc4\xc5\
\xcd\xf2\x98\xfe\xca?\xfe\xe1\x03\x13\xb7e{\xc2\xadU\
\xd2XrX\x22\xf6$.\x1f\x97G\xfb\x04#\xf3\xef\
\xc0\xc4\xbe\xa2OW\xe5\xe0u\xe0\xb4\xb1\xe4\x88\xa15\
T8\xf6\xed\x97G\xfb\x05;\xfe\x1f\x81\x89\xadE\x9f\
\xce\xb7d[4H\x1aK\x8e\x08\xf6/\x14\xb6#[\
\xe5\xb3\x8e\xc3\xfc8\x81\x89k\xb2=\xe7\xcfe\xe2X\
rX\xa2\xf4$\xb6_\x97\xcfK\x0e\xf3#\x05&\x0e\
\xc8q\xc3 m,9B\xdb\xe1\xd4\x10f/\x95\xf2\
8\xc9\xcda\xac\xc0\xc4\xcea\xd9N\x1a$\x8e%G\
X\xc3\x07\x9cE\x99\xdf-\x0be\xe0U\x0aL\x1c\x94\
\xad\xcd'\xac\xe4\xb1\xe4\x08j\xc2n!t\x9e\xb6\xe4\
\xb7\xde\xc0g\xc3R\xa5\xc0\xc4\x88\x1c_\x0cR\xc7\x92\
#VO\xa294,\xb1\xe45\x04&:\x17x\x02\
17,9\xe2\xf4$\x1a\xf7.H,y-\x81\x89\
s\xb2\x95\xbc\x13\x9c\x01\x96\x1c\xa1\x9c\xb6{\x12\x87\xba\
\x12K^O`\xe2\xb3\x1c\xef\x0d\xd2\xc7\x92#BO\
\xe2\xe2Z\x89%\xaf)013%\xdbC\x83\x0c\xb0\
\xe4\x08\xa2\xbb\xab\xf8k\xd7m\x89%\xaf\xe0X\xa5\xc0\
\xc4\x1cO f\x88%G\x00\xe5|\xb3\xe8\xf9\xb4I\
b\xc9\xeb\x0bL\x1c)e{a\x90\x03\x96\x1c\xd5m\
\xfeX\xf4\x8c\xde\x91X\xf2j\x16\xab\x04&\x1a\xc7e\
{\xcc+\x93y`\xc9\x11\xb0'\xb1p\xbd\x14K^\
k`bH\x0ezz\x99`\xc9\x11\xac'q\xf3\xd6\
n\x89%\x0f\x1b\x98\x18)\xfa\xb2\xd0\xe2\x8e6K,\
9\x02\xf5$\xb6\x5ciI,y\xcd\x81\x89\xfd\xb2-\
\xf1\x04b.XrTqx\xb4\xf8\xa3yfLb\
\xc9\xeb\x0eLl\x93\x83\xc6u6Xr\x04\xe8I\xcc\
\x0c\x1d\x95X\xf2\xda\x03\x137\xc7d{k\x90\x0b\x96\
\x1c\x95{\x12\x8dm\xa7%\x96|\x00\x02\x13wd\x9b\
\xe6\x09\xc4|\xb0\xe4X\xa1\xb1\xde\xc5\xca\xf8\x94\xc4\x92\
\x07r\xb6J`b\x5c\x8e5\x06\xd9`\xc9\xb12;\
f\x8b\xdfF\xd6J,\xf9@\x04&:Ge{f\
\x90\x0f\x96\x1cUz\x12\xbb\x0eK,\xf9\x80\x04&&\
ekS\xd6\xcb\x09K\x8e\x95\xf7$\xf6\x5c\x93X\xf2\
e\x03\x11\x98x$\xc7w\x83\x8c\xb0\xe4XiOb\
tBb\xc9\x7f\x19\x88\xc0D\xb3+\xdb\x03\x83\x9c\xb0\
\xe4\xe8\xd7\xe4\x96b\xd9\xf9\xc9R,\xf9\x1f\x03\x11\x98\
\x98\x97\x83\xdau^Xr\xf4\xdd\x93\xe8\x1d\xe6\xb3\xe4\
\xcb\x06%0\xb1\xa7\x94\xed\x9dAVXr\xf4\xdf\x93\
\xe8\xcc\xb5$\x96\xbcg\x10\x02\x13\x8d\xb5\xb2\xbd\xe6\x09\
\xc4\xcc\xb0\xe4?\xd9\xbb\xb7\x96\xa8\xc2(\x0e\xe3k\xed\
\xbcP'\x09\xf3P\x03\x8a\x94\x87\x99j2*\xed\x00\
\x16v2\x95\xc2\xb4r\x84\x0e\x14\x11D$a\x14]\
\x07\x81w\xdd\xf5}\xcb\x1c\xc6\xf5\x8e\xa9k\x8b\xc3~\
\xe1}~w\xfbv_<\x17\x1b\xf6\xfa#\xef\x9eD\
o}J\x84\x927E10qC\x02+\x8a\xb4P\
r\xe4\xdb\x93\xe8y\x5c\x13\xa1\xe4;\xa2\x18\x98\xe8+\
\x8buQ\x91\x18J\x0e\xff\x9eD\xe3\xc7|J\xde\x14\
\xcb\xc0\xc4\x84X\xeb\x9c@L\x0e%G\x8e=\x89\xe9\
n\x11J\xde\x1esbudy\xbc\x94\xc0}Ej\
(9\x5c&\xabY\xb68)B\xc9CQ\x0cL,\
\x0c\x8b\xf5Q\x91\x1cJ\x0e\x87r\xbd'\x1b\x1a\x11\xa1\
\xe4\xbb\xc400\xd1/\xd6\x07\xbe\xad$\x88\x92\xc3\xb5\
'Q\xed\x17\xa1\xe4\xad\xe2\x18\x98\x18\x97\xc0\x13Ez\
(9\x1c{\x12}g\xe5/J\xbeK\x0c\x03\x13\x83\
\x15\xb1:\x15\x09\xa2\xe48@\xd7\xcc\xc2|I\xb6P\
\xf2\xf6\x09\x07&\xaaY\x0eKb\x8d\x0d(\x12D\xc9\
q\xc0\x9e\xc4\xe0\x8b\xb2l\xa3\xe4\xa18\x06&\xceK\
\xe0\xb7\x22E\x94\x1c\xfb\xe9\xbf`~\xcc\xa7\xe4\x818\
\x06&z\xaf\x8auY\x91$J\x8e\xbdU\xd6F+\
\xe6\x91\x92\x1b\xb1\x0cL<\x15\xabtO\x91$J\x8e\
=\xad\xbe\x9b\x15\x8b\x92\xb7\x88``b\xa8$\xd6%\
E\x9a(9\xf6P[\xbd&!J\x1e\x8a``\xe2\
A\xb7X\xaf\x15\x89\xa2\xe4\xf8\xbf\xe1\x9a\xb4\xa2\xe4\xa1\
\x08\x06&\x9eI\xe0\x8e\x22Q\x94\x1cN\x94\xbc]6\
\xc4\xaag~\xd5\xb2XW\x14\xa9\xa2\xe4p\xa2\xe4-\
\x22\x18\x98x.\xd6[\xe6%\xd2E\xc9\xe1D\xc9C\
\x11\x0cL\x8cr\x02\x11\x94\x1c\xf9P\xf2@\x04\x03\x13\
3\xc3b\xfdT\xa4\x8b\x92\xc3\x89\x92\xb7\xc77\xb1\xc6\
3\xbf.\xb1~q\x021e\x94\x1cN\x94<T\xf8\
\xc0\xc4I\x09\xdcT$\x8c\x92\xc3\x89\x92\x1b\x11\x0cL\
,W\xc4\xfa\xa2H\x19%\x87\x13%o\x87\x15\xb1&\
2\xbf\xebb\xdd>\xa3H\x19%\x87\x13%o\x8aa\
`\xe2\xae\x046\x15I\xa3\xe4p\xa2\xe4;\x8a\x1f\x98\
87+\xd6{E\xda(9\x9c(yS\x04\x03\x13\
\xf3b\x8d\x9dR\xa4\x8d\x92\xc3\x89\x927\xc400q\
\x9aW\x09J\x8e(\x90\x9f\x96\x81\x89\xcf\x99W\xef-\
\xb1^)RG\xc9\xe1D\xc9\x8f\xdc\xe6a\x07&\x1e\
I`N\x91:J\x0e'Jn\xb4c`b9\xf3\
\xaa\x96\xc4\xdaP$\x8f\x92\xc3\x89\x927\x14>0\xd1\
\xd3!\xd6\x1bN \x82\x92\xc3\x8b\x927\x14>0Q\
\x97\xc0\x8a\x02\x94\x1cN\x94\xfc\x88}=\xe4\xc0D_\
Y\xacO\x0aPrxQ\xf2m\x85\x0fL\x8c\x88\xb5\
\xce\x09DPr\xf8Q\xf2\x7f\x0a\x1f\x98X\x93\xc0C\
\x05(9\xdc(\xf9\x96\xc2\x07&\x16\xa6\xc4\xfa\xae\x00\
%\x87\x1f%\xd7\x18\x06&Np\x02\x11\x94\x1c\x11I\
\xba\xe4\x87\x1d\x98\x98\x96\xc01\x05(9r\xa0\xe4\xaa\
\x85\x0fL\x1c\xaf\x89\xd5\xa9\x00%G\x1e\x94\xdc(j\
`bI\xac\xb1\x01\x05(9\xf2\xa0\xe4\xc5\x0fL,\
J\xe0\x87\x02\x94\x1c\x7f\xd8\xbb\x9b\x96*\xe3 \x0c\xe3\
\xf7\x9cZ\xf5p\x16\x86$\x12\x87\xa2\xa423\x8aJ\
\xa2\xec\x8dN\xb5\xb1\xa8\xa06e/D`Q\x0a\xa2\
\x82/\xf8\x0d\xfc\xcen\xe7\xbf;g6\xcf\xc0\x5c\xbf\
\x0fq-f1\xf7T(\xb9\xf5=01sO\xde\
]\x03(9\xa6C\xc9{\x1f\x98\xb8(\xaf\xe3\x05\x22\
(9zW\xb7\xe4\xc1\x81\x89\xfdN\xde\x8e\x01\x94\x1c\
S\xa2\xe4=\x0fL\x0c\xcf\xc9\xdb\xe4\x05\x22(9\xfa\
W\xb6\xe4\xc1\x81\x89_j\xbc0\x80\x92\xa3wUK\
\x1e\x1c\x98X\x9a\x97\xb7l\x00%G\xff\xaa\x96<8\
0\xf1I\xdeO^ \x82\x92#\x83\xa2%\x0f\x0eL\
\xbcUcl\x00%G\x02EK\x1e\x1b\x98X\x1d\xc9\
\xdb5\x80\x92#\x83\x9a%\x0f\x0eL\xbc\x93\xb7\xc1m\
\x05\x94\x1c9\xd4,yl`\xe2\xb2\x1a\xef\x0d\xa0\xe4\
H\xa1d\xc9c\x03\x13\x17\xae\xcb\xbbc\x00%G\x0e\
%K\x1e\x1b\x98\xb8\x22o\x81y\x09PrdQ\xb1\
\xe4\xb1\x81\x89\x9bj\x1c\x1b@\xc9\x91D\xc5\x92\x87\x06\
&\x16\x9f\xf3\x02\x11\x94\x1cI\x15,yl`\xe2\xb1\
\xbc\xee\xa5\x01\x94\x1cY\x14,yh`\xe2H\x8d=\
\x03(9\xd2\xa8W\xf2\xb1\xbc\xd9\xc1D^=\x91\xf7\
\xcd\x00J\x8e<\xea\x95|=20\xb1\xc6\x0bDP\
r\xe4U\xae\xe4\xa1\x81\x89\x1b\x9d\xbc?\x06Pr$\
R\xae\xe4\x91\x81\x89\xe1my?\x98\x97\x00%G*\
\xd5J\x1e\x1a\x98\xb8\xaa\xc63\x03(92)V\xf2\
\xd0\xc0\xc4\xd6H\xde?\x03(9R)V\xf2\x13y\
k\x83\x89\x5c\x92w\xc8\x0bDPr$S\xab\xe4\xa1\
\x81\x89\xf3j\xbc1\x80\x92#\x97Z%\x8f\x0cL|\
\xb8/o\xdb\x00J\x8edJ\x95<40\xf1Y\xde\
S^ \x82\x92#\x9dR%\x8f\x0cL<P\xe3\x8c\
\x01\x94\x1c\xd9T*\xf9\x9c\xbc\x95\xe1`\x02\x8b\xb7\xe4\
\xfd6\x80\x92#\x9dJ%\x8f\x0cL<\x92\xb70g\
\x00%G:\x85J\x1e\x19\x98\xf8\xae\xc6\x89\x01\x94\x1c\
\xf9\x14*y``bfE\xde\xba\x01\x94\x1c\x09\xd5\
)yd`\xe2\x8b\x1a\xaf\x0d\xa0\xe4H\xa8N\xc9\x03\
\x03\x13\x07\x9d\xbc\x1d\x03(92*S\xf2\xc0\xc0\xc4\
\xf0\xac\xbcM^ \x82\x92#\xa72%\x0f\x0cL<\
T\xe3\xa3\x01\x94\x1c)U)y``bi^\xde\
\xb2\x01\x94\x1c9U)y``\xe2\x9a\xbc\xff\xbc@\
\x04%GVEJ\x1e\x18\x98\xf8\xaa\xc6\xd8\x00J\x8e\
\xa4j\x94<00\xb1:\x92\xf7\xd7\x00J\x8e\xacj\
\x94<001+o\x83\xdb\x0a(9\xf2*Q\xf2\
S\xf6\xee\x9c\xb5\xaa0\x88\xc3\xf8\xcc\xd1Bs\xbc\xc8\
5\xc4x]\x0a\xf5j\xe2\x02z\x8d\x0bAP\xaf\xe2\
\x8a\x10\xb7\xa0\x85\x91\x04\xb1s\x89\x22\x88`#\x08\xe9\
\xec\xf2}S\x05\xe6\xad\x0e\x93\xea\x9d9\xcf\xef#L\
\xf1\x94\xf3\xdf\xc3\xc0\xc49)\xbcP\x80\x92\xa3Z\xbd\
(\xb9\x7f`\xe2\xe8\x82XW\x15\xa0\xe4\xa8W\x1fJ\
\xbe\x87\x81\x89\x15\xb1\xc6s\x0aPr\xd4\xab\x0f%\xf7\
\x0fL\x5c\x94\xc2\xb6\x02\x94\x1c\x15\xebA\xc9\xe7[\xef\
\xc0\xc4pI\xac\x89\x02\x94\x1c5\xebA\xc9\xfd\x03\x13\
\xaf\xc5j\x1f(@\xc9Q\xb3\xfc%\xf7\x0fL\x9cl\
\xc5\xba\xa2\x00%G\xd5\xf2\x97\xdc=0\xf1pF\xac\
\x0f\x0aPr\xd4-}\xc9\xfd\x03\x13o\xa40U\x80\
\x92\xa3n\xe9K>\x11\xebO\xd3iq$\xd65\x05\
(9*\x97\xbd\xe4\xee\x81\x89\xc1\xaaX\x1b\xccK\x80\
\x92\xa3z\xd9K\xbe&\xd6b\xd3\xe9\xac\x14\xee*@\
\xc9Q\xbb\xe4%w\x0fL|;%\xd6?\x05(9\
\xaa\x97\xbc\xe4\xee\x81\x89\x83b\xfd\xe7\x05\x22(9\x02\
\xc8]\xf2-\xb1n7\x9d\x8eHaY\x01J\x8e\xfa\
\xa5.\xb9{`\xe2\xe5\x82X?\x14\xa0\xe4\x08 u\
\xc9\xdd\x03\x13\xb7\xc4\xbasZ\x01J\x8e\x002\x97\xdc\
=0q_\x0a[\x0aPrD\x90\xb9\xe4\xde\x81\x89\
\x0b\xf7\xc4\xfa\xa4\x00%G\x08\x89K\xee\x1e\x98x\x22\
\xd6x^\x01J\x8e\x10\x12\x97|S\xac\xf7M\x97c\
\xbd\xb9\x0cvQr$\x91\xb7W\xde\x81\x89\xe1M\xb1\
\xd6\x14\xa0\xe4\x08\x22o\xc9\xbd\x03\x13\xcf\xa5\xf0H\x01\
J\x8e \xd2\x96\xdc;0q\xbc\x15\xeb\xbb\x02\x94\x1c\
Q\xa4-\xb9s`b\xb0_\xacu^ \x82\x92#\
\x8e\xac%\x9f:\x07&\xdeJ\xe1\x95\x02\x94\x1cad\
-\xb9s`bv$\xd6g\x05(9\xe2HZr\
\xef\xc0\xc4y\xb1\xbe\xf0\x02\x11\x94\x1c\x91$-\xb9s\
`\xe2\x9d\x14\x1e+@\xc9\x11H\xce\x92/\x8bu\xa6\
\xe9\xf0\xf4\xbaX\xbf\x14\xa0\xe4\x88$g\xc9\xd7\xc5h\
g\x9b\x0e\x87y\x81\x08J\x8e\xc8R\x96\xdc90q\
C\x0a\xfb\x14\xa0\xe4\x08%c\xc9\x9d\x03\x13\x87.\x8b\
u@\x01J\x8eX2\x96\xdc90\xb1\x22\xd6xN\
\x01J\x8eX\x12\x96\xdc90\xf1L\x0a\x7f\x15\xa0\xe4\
\x08&a\xc9}\x03\x13\xc3%\xb1&\x0aPrD\x93\
\xaf\xe4\xce\x81\x89\x13b\xb5\xbc@\x04%G<\xf9J\
\xee\x1b\x98\xf8\xdd\x8a\xf5S\x01J\x8ep\xd2\x95\xdc7\
01\x98\x11\xeb+/\x10A\xc9\x11P\xba\x92\xfb\x06\
&>Ja\xaa\x00%G<\xd9J\xee\x1b\x98\xb84\
\x12kS\x01J\x8e\x80\xb2\x95\xdc70\xb1*\xd6\x06\
/\x10w\xd8\xbb\x97\xde\x9c\xc3 \x0c\xe33*\xb1\xf8\
\xb7\x8b\x86\x96&\x1a\x12/\xa5\x8a\x8a:\x84:$-\
6\x0eE\x22\x12\xc7M\x93\x12\xb5h\xb0 \xb1\xb2\xb5\
\xf4}y\xdb\xcd<\x9b\xe6\x99\xe5\xdc\xb9~\x1f\xe2Z\
\xccbnPr\x94$V\xf2\xdc\xc0\xc4ck\xac;\
@\xc9Q\x91X\xc973\x03\x13\xab\xf3\x16}s\x80\
\x92\xa3$\xad\x92\xe7\x06&\x9eX\xb4\xc5m\x05\x94\x1c\
Ei\x95<50q\xd2\x1a\x1b\x0ePr\xd4$U\
\xf2\xd4\xc0\xc4\xec\x82E\xcb\x0ePr\x14%U\xf2\xd4\
\xc0\xc4u\x8bF\xccK\x80\x92\xa3,\xa5\x92\xa7\x06&\
\x16\xad\xf1\xcb\x01J\x8e\xaa\x84J\x9e\x1a\x988w\x8f\
\x17\x88pJ\x0e\x11B%O\x0dL\xdc\xb2hXs\
\x80\x92\xa3,\x9d\x92\xb7\x03\x13+\x93\x07\xf6s\xcc\x1a\
\xdf\x1d\xa0\xe4\xa8K\xa7\xe4\x99\x81\x89\xfb\xb7-z\xe7\
\x00%Ga2%o\x07&\x96\xf6\x1f\x98x\xc4\x0b\
D\x8cQr\x88\x90)yf`\xe2\xec`\xd1G\x07\
(9*S)\xf9Lb`b\xea\xa2E\x1f\x98\x97\
\x00%Gm*%\xcf\x0cL\x9c\xb2\xc6]\x07(9\
J\x13)yf`\xe2\xf0\x9cE\x9f\x1d\xa0\xe4\xa8M\
\xa4\xe4;\x89\x81\x89\x13\x16\xfd\xe4\x05\x22(9\xaa\xd3\
(yf`\xe2\x955\x1e:@\xc9Q\x9cF\xc9\x13\
\x03\x13\xcfV,\xdaq\x80\x92\xa3:\x89\x92g\x06&\
^Zt\x87\x17\x88\xa0\xe4\xa8O\xa2\xe4\x89\x81\x89\xab\
\xd6\x98p\x80\x92\xa3<\x85\x92'\x06&&\x97,\xda\
t\x80\x92\xa3>\x85\x92'\x06&nZ4:\xea\x00\
%G}\x02%\x9f\xe8\x1f\x98xo\x8d?\x0ePr\
\x08\xa8_\xf2C\xdb\xdd\x03\x13\xd3\xd7,z\xeb\x00%\
\x87\x82\xfa%O\x0cL\xbc\xb6\xc6\x03\x07(9\x14\x94\
/yb`\xe2\xc7`\xd1W\x07(9$\x94/y\
\xff\xc0\xc4\xd4A\x8b\xbe\xf0\x02\x11\x94\x1c\x22\xaa\x97<\
10q\xc3\x1a\xcf\x1d\xa0\xe4\xd0P\xbd\xe4\xfd\x03\x13\
\xe7\xe7,\xba\xe0\x00%\x87\x88\xe2%O\x0cL\x9c\xb1\
h\x9b\x17\x88p\xa7\xe4\x10Q\xbc\xe4\xbf\xbb\x07&\xde\
Xc\xdd\x01\xa7\xe4\x10Q\xbb\xe4\xfd\x03\x13\xab\xf3\x16\
}r\xc0\x9d\x92CD\xed\x92\xf7\x0fL\x1c\xb1h\x8b\
\xdb\x0a\xc6(9D\x94.y\xff\xc0\xc4ikl8\
\xf0\x1f%\x87\x88\xd2%\xef\x1e\x98\x98]\xb0h\xd9\x81\
1J\x0e\x11\x95K\xde?0\xf1\xd4\xa2\xd1\x8c\x03c\
\x94\x1c\x22*\x97\xbc{`b\xd1\x1a\x7f\x1d\xd8E\xc9\
!\xa2p\xc9\xbb\x07&\xa6\xafXt\xd9\x81=\x94\x1c\
\x22\x0a\x97\xbc{`\xe2\x85E\xc3\x9a\x03{(9D\
\xd4-y\xf7\xc0\xc4\xf1\xc1\xa2K\x0e\xfcc\xef\xdeY\
\xa3\x8e\x820\x8c\xcfl,41H\x145\xabD\x22\
.FQ\xbck\x14\xc4\x18\xaf\x89\xe0\x15E\x1b\xc5 \
\x01\x0b\xef(b\x19\x08\xd8\xf9\x99-$\xe6=\xec\x9f\
\xddigx~\xdf\xe04Oq\x8ay\xff\xa1\xe4\xa8\
\x22m\xc9\xc3\x03\x13w'M\xbdq`\x0b%G\x11\
iK\x1e\x1e\x98xn\x8de\x07\xb6Pr\x14\x91\xb5\
\xe4\xe1\x81\x89\x13}S\x17\x1c\xf8\x8f\x92\xa3\x88\xac%\
\x8f\x0eLL\x9f1\xb5\xc6\xbc\x04\x04%G\x11IK\
\x1e\x1e\x988f\x8d%\x07\xb6Qr\x14\x91\xb4\xe4\xd1\
\x81\x89\xcfs\xa66\x1d\x10\x94\x1cE\xe4,yx`\
b\x97\xa9?\x9c@D\x83\x92\xa3\x88\x9c%\x8f\x0eL\
\xec\xb5\xc65\x07\x14%G\x11)K\x1e\x1d\x98x\xba\
`\xea\x9b\x03\x0dJ\x8e\x22R\x96<:0\xb1h\xea\
\xc6Q\x07\x1a\x94\x1cEd,yt`\xe2\x965~\
;\xd0\xa2\xe4(\x22c\xc9\xd7M\xcd\xf6\x84:y\xd3\
\xd4\xba\x03\xde\xa2\xe4(\x22a\xc9\xa3\x03\x13+\xa6\x06\
\x07\x1d\xf0\x16%G\x11\x09K\x1e\x1c\x98\x98M\xffP\
dC\xc9\x11D\xc9\xa3\x03\x133WL\xbdv`\x08\
%G\x11\xf9J\x1e\x1c\x988b\x8d{\x0e\x0c\xa1\xe4\
(\x22]\xc9'L\xad\xf4\x84:4e\xea\xab\x03C\
(9\xaa\xc8V\xf2\xe0\xc0\xc4\xf4\x0eSo9\x81\x88\
.\x94\x1cEd+\xf9Fl`\xe2\xa55\x9e9\xd0\
\x81\x92\xa3\x88d%\x0f\x0eL\xec\xeb\x9b\xfa\xe0@\x17\
J\x8e\x22\x92\x95\xfc\xac\xa9\xab=\xa1\x8e\x9b\xfa\xc8\x09\
Dt\xa3\xe4(\x22W\xc9\x83\x03\x13\xaf\xacq\xdf\x81\
N\x94\x1cE\xe4*yl`b\xf5\x92\xa9\x9f\x0et\
\xa3\xe4(\x22U\xc9\x83\x03\x13{8\x81\x88\x18J\x8e\
\x22R\x95|\xd3\xd4|\xaf\xdbekL8 \x14%\
G\x11\x99J~;40\xb1\xfb\xb4\xa9\x9d\x0e(E\
\xc9QD\xa6\x92\xc7\x06&\x1e\x9b\x1a\xecw@)J\
\x8e\x22\x12\x95<60\xf1\xc0\x1a\x1b\x0e\x88\x16%G\
\x11\x89J\x1e\x1a\x98\x98\xb9h\xea\xbc\x03\xaaE\xc9Q\
D\x9e\x92/\x85\x06&\x0e\x9b\x9a\xe2\x04\x22F\xa1\xe4\
(\x22O\xc9C\x03\x13\xbf\xa6L}w`\x04J\x8e\
\x22\xd2\x94<401=i\xea\x13'\x101\x12%\
G\x11iJ\x1e\x1a\x98xg\x8de\x07F\xa1\xe4(\
\x22K\xc9C\x03\x13\xa7\xfa\xa6\xbe80\x0a%G\x15\
IJ\xde\x0eL\xf4W{\x9d^\x98Z\xe3\x04\x22\xc6\
\xa0\xe4(\x22I\xc9C\x03\x13\x0f\xadq\xc7\x81\xd1(\
9\x8a\xc8Q\xf2\xd0\xc0\xc4\xf59S?\x1c\x18\x83\x92\
\xa3\x88\x1c%\x0f\x0dL<2\xf5\x9e\xbf\x15\x8cE\xc9\
QD\x8a\x92\x87\x06&\xe6\xad\xf1\xc4\x81q(9\x8a\
HQ\xf2\xc8\xc0\xc4\x81\x05S\xe7\x1c\x18\x8b\x92\xa3\x88\
\x0c%\x0f\x0dL,\x9a\x1a0/\x81\x00J\xfe\x97\xbd\
{\xe9\xad1\x0e\xe28>\xf3\xe8\xcaq\x16\x8d\xebI\
\x94\x84\xa2\x8a\xa2\xaeq;\xa8\xea\x82\x8a[\x90\x88b\
!.\xa1\xa4\x11\x0b\x12\x89\xc4\xd6R\xbc]\xbbf\xfe\
9\x8bg\xfem\xd2g:\xf9~^\xc4w1\x8b\xf9\
!\x89\xcdPr\xcf\xc0\xc4\xb4\x14~*\xd0\x8e\x92#\
\x89MPr\xcf\xc0\xc4\xd1\xeb\xbc@D\xe7(9\xd6\
nl]\xfe\xddY\x07u\xd8\x98\x81\x89\xcbb\xf5\xe6\
\x14p\xa0\xe4\x08\xa3\xdft\xe5\xad:l\xc8\xc0\xc4\x1e\
)|S\xc0\x83\x92#\x8c\xec%w\x0cL\xcc_\x15\
kI\x01\x17J\x8e0\x92\x97\xdc30q\x97\x17\x88\
\x88\x80\x92\x83\x92\xaf}`b\xaa'\xd6{\x05|(\
9\xc2\xc8]r\xc7\xc0D\x7fF\xacW\xccK\xc0\x8b\
\x92#\x8c\xdc%w\x0cL<\x95\xc2P\x01'J\x8e\
0R\x97\xdc10\xb1} \xd6G\x05\x9c(9\xe2\
\xc8\x5cr\xcf\xc0\xc4~\xb1~\xf0\x02\x11~\x94\x1ca\
d.\xb9c`\xe2\x99\x14\x16\x14p\xa3\xe4\x08#q\
\xc9\x1d\x03\x13\x0f\xce\x8a\xb5\xa2\x80\x1f%G\x18\x89K\
\xee\x18\x98x\x22\xd65^ \xa2\x06%G\x18yK\
\xee\x18\x988'\x85-\x0aT\xa0\xe4\x08#o\xc9\xbf\
\x88\xb5\xd8\x8c\xdav\x5c\xac7\x0a\xd4\xa0\xe4\x08#m\
\xc9\x1d\x03\x13\x97\xc4\x9a\xdc\xad@\x0dJ\x8e0\xd2\x96\
\xbc}`\xe2\xa5\x14\xfe(P\x85\x92#\x8c\xac%o\
\x1f\x98\x18?/\xd6\x0b\x05\xeaPr\x84\x91\xb5\xe4+\
b\xddlF=\x97\xc2m\x05\xeaPr\x84\x91\xb4\xe4\
\xed\x03\x13\xdf{b}U\xa0\x12%G\x18IK\xde\
:0\xd1\x1f\x13k\x99\x17\x88\xa8F\xc9\x11F\xce\x92\
\x0f\xc5\xba\xd7\x8c\xba(\x85\x87\x0a\xd4\xa2\xe4\x08#g\
\xc9[\x07&\x8e\x0d\xc4:\xa1@5J\x8e0R\x96\
|A\xac\x0b\xcd\xa8\xc3b}\xe2\x05\x22\xbaG\xc9A\
\xc9\x0b\xcbm\x03\x13\x8bR\xb8\xa5@\xe7(9(y\
\xd5\xc0\xc4\x95\x09\xb1>(\xd0=J\x0eJ^50\
\xb1C\xacw\xdcV\x10\x01%\x07%7~\x89\xb5\xaf\
\x19qH\x0a\xf7\x15\x08\x80\x92\x83\x92W\x0cL\xec:\
\x22\xd6)\x05\x22\xa0\xe4\xa0\xe4\x15\x03\x13\x07\xc4\x9a\xdc\
\xa9@\x04\x94\x1c\x94\xdc?01-\x85\xbf\x0a\x84@\
\xc9A\xc9W\xcd\xb6\x0cL\x8c\x9f\x11\xeb\xb4\x021P\
rPr\xf7\xc0\xc4#\xb1zs\x0a\xc4@\xc9A\xc9\
\xbd\x03\x13{{b\x9dT \x08J\x0eJ\xee\x1c\x98\
\x98\xdf*\xd6\x92\x02QPrPr\xe7\xc0\xc4c)\
\xdcP \x0aJ\x0eJ\xee\x1b\x98\x98\x1a\x885\xab@\
\x18\x94\x1c\x94\xdc50\xd1\x9f\x11\xeb5\xf3\x12\x08\x84\
\x92\x83\x92\xbb\x06&\x0eJa\xa8@\x1c\x94\x1c\x94\xdc\
30\xf1yB\xac\xdf\x0a\x04B\xc9\xf1\x9f\xbd;\xeb\
i*\x08\xe30\xfe\xceh\xacZQ+nU\xc1\x1d\
\x04\xb9\xd0T\xc5=u\x07\xab\x10\x17\xdc\xe2Z\x17L\
\xea\x8e\x0b\x1a\x95Z\xe3\x8aQ \x86\xf8q\x8d1\xea\
\x9cHO\xcbV\xde\xd3y~\xb7\xbd\xea\xcd\x93fz\
\xce\xfc)y9\x03\x13\xb3\xc4\xf5\x95+\x10\xa1\x0a%\
\x07%/c`b\x81\x04\xec0\x80&\x94\x1c\x94\xbc\
\xf4\xc0\xc4\x89Fq=2\x80*\x94\x1c\x94\xbc\xf4\xc0\
D\xab\xb8\xf6\xae6\x80*\x94\x1c\x94\xbc\xe4\xc0\xc4~\
\x09\xf8`\x00](9(\xb9\x99{;t`\xa2)\
-\xae\x9b\x06P\x86\x92\x83\x92\x97\x1a\x98h\x13\xd7\xba\
%\x06P\x86\x92\x83\x92\x97\x18\x98X*\x013\x0c\xa0\
\x0d%G\x14K\xde\xfb\xe9F\xacR\x03\x13\x89m\xe2\
\xbad\x00u(9\xc6,]c\xa7P\xb6\xbb\xaf\xe7\
V%\x06&\xea%\xe0\xb0\x01\xd4\xa1\xe4\x18\x93-\xad\
\x177\xda\xa9\xf7\xe5\xfb\xab\xcc$\x0fL,\x8b\x8b\xeb\
\xa1\x01\xf4\xa1\xe4\x18\xb5\xba\x85k7\xd4X5\xbe\x5c\
\xc8\xc5&n`b\xb6\x0d\xaa\x99.\xae\xab\x5c\x81\x08\
\x8d(9Fg\xfa\xe9\x97\x87\xac6\xd9\xfe\x8f\xe7'\
i`\xe2\xac\x04\x9c4\x80B\x94\x1c\xe5K.\xbc\xb8\
\xdbj\xd5;\xd8\x13\x1b\xff\xc0D\x97\x0d\xaaM\x8a\xeb\
\x8e\x014\xa2\xe4(S\xe3\xce\xfdMV\xb7l\xff\xab\
[\x13<0\xd1 \xae\xbb\x5c\x81\x08\x9d(9\xca\x91\
\xaa_\xa1\xe8d<\xcc\xe7\x8f\x99\x09\x1c\x988'\x01\
G\x0c\xa0\x12%GI-\xa7V\xd8(\x19\xfat~\
\x82\x06&\xda\xb7\x88\xeb\x99\x01t\xa2\xe4\x08\xd7\xd8v\
%\x22\xbf\xc6]\xdd\x85[\x13101\x8f+\x10\x11\
\x0d\x94\x1c!\xea:\x9b\xf5=\xa8R\xf6\x99yl\xbc\
\x03\x13\xeb%`\x9a\x01\x94\xa2\xe4(\xaaa\x81\xf6\xbf\
8\xc3\xbd\x1d\xcc\x8dk`b~\x8b\xb8f\x1a@+\
J\x8e\x91\xb5\xd4kx\x87s\xbcz\xfb2c\x1f\x98\
\xe8\x14\xd7\xbaE\x06\xd0\x8a\x92c\x04\xf1y\xfb#x\
8>\xb2\xfe\x9e1\x0eL\x1c\x95\x807\x06P\x8b\x92\
\xe3?\xa9\xb3'l5\xc9\xf7e\xc600\x91H\x89\
k\xb3\x01\xf4\xa2\xe4\x90\xa0\x95[\xab\xe6\xe7\xf8_\xd9\
\x81\xdc\xa8\x07&\x96\x8b+\xce\x15\x88\xd0\x8c\x92\xc3\x95\
\xdc\xb9\xc1V\xa7\xfc\xc7\xd8\xa8\x06&\x9e\xc7\xc5\xf5\xd8\
\x00\x8aQr\xfc\x93\xde\xbe\xd8V\xaf\xf7\x172\xe5\x0f\
L\xd4\xcc\x16\xd7=\xae@\x84j\x94\x1c\x7ftU\xe1\
\xb1JPv\xf8F\xd1\x81\x89T\xf0\xcb_\x97\x80}\
\x06\xd0\x8c\x92\xe3\xb7\x8e\xa5\xd6\x07\xdd=e\x0dLl\
L\x8a\xeb\x81\x01T\xa3\xe4\xf8\xe5\xcc\x0b\xeb\x8bw\x85\
2\x06&\xba\xc4u\x8d+\x10\xa1\x1c%\x87Hg5\
\xbc\x04T\xbe|\xa1\xd4\xc0\xc4q\x098h\x00\xdd(\
\xb9\xf7\xe2m\xb5\xd67\xf9B\xe8\xc0\xc4\xee:q=\
1\x80r\x94\xdcs\xf1\xb6v\xeb\xa3\xfc\xe5\x90\x81\x89\
\x0eq\xdd\xe6l\x05\xeaQr\xbfu\xde\xb7~Z%\
\xae\x8e\x90\xcfd\x87\x01\xb4\xa3\xe4>;\xe3\xd7\xf9\xb8\
\xa3f\x9b\xb8\x96Y\xc7\xe2Fqm2\x80z\x94\xdc\
_\x1d\xfe<\xaf\xf2\x9f\xe3!\x03\x13\xad\xe2Z\xc7\xbc\
\x04\x22\x80\x92\xfb\xaa\xc1\x8f\xe7\xc7G\x96h)>0\
\xd1,\x01\xaf\x0d\xa0\x1f%\xf7Sj\xab\xf5\xd9\xf6\xe2\
\x03\x13Mi\xae@D\xf4Pr\x1f\xd5mOX\x9f\
\xcd\xd9R|`b\x97\xb8\xe2\x07\x0c\x10\x01\x94\xdcC\
;O\xd8\xa9\x93hZ\xdc^\xbbq\xc3\xf3\x97W~\
\x0c~\x1b\x1c\x1e\x18\xe8\xff\xdc=\xf4\xe5]\xbe7k\
+\xa6\xbe\xf8\xc0\xc4R\x09xj\x80(\xa0\xe4\xdei\
Xf+,q\xffE\xf3\xaa\xb5\xa7w\xb5\xce\x9a\x9e\
N\xca_3LP,s#\xd7S\xf8ta\xb0\x7f\
\xa8\xd7N\xa6\xf6d\xd1\x81\x89\xc4\x1eq]6@$\
Pr\xcf\xa4\xd6\xdb\x8a9T{\xe5\xdc\xb15]-\
\xe2rK\x1e\x22\x93+\xf4\x0dwON\xd1\xdb\x8a\x0f\
L\x1c\xe3\x0aDD\x12%\xf7J\xfcX\xc2V\xc2\xee\
\xe6\xb3\x9d\x0di\x097\xc3\x94\x16;\x9f+|\xfb\xc9\
\xde\xbd\xf54\x11Ea\x18^kI@)Uk\x15\
\xa9Z1\xa2\xb4\x95\x06\x13A0\x0a\x8a\x18\x22\x82b\
\x0cU\xc0C\xd4\x8a\xa0\xa9\x91\xc4^XO\x81\xd8@\
\x10L\x04\xa2\xf1\xefZ\x10t\x0f\xce\xd89\xa1\xdd\xc3\
\xf7\xdcs\xc3\xc5\x1b\xb2\xd9\xb3\xbf\xc9\xa2\xf8)\x1a\xb2\
\x1c\x98H\x86H\xf5\x9c\x01\xf4\x80\x92o'\xcd-\xb2\
\xd5RGF\x87\x9b\xdb\xc9\x8ej\xb6m,?\xbd4\
+>\xe9\xb4\x1c\x98\x08\xb7\x92\xea\x11\xe6%@\x17(\
\xf9\xf6\xd1>\x1a\x96\xadTw*s\xa7\x8d\xec\xabf\
gj\xc6?~\xf9,\x9e%\xc9r`b\x84\x0c.\
1\x80&P\xf2m\xe3f\xbdl\x9d\xe8\xb1\xfeZr\
\xa8\x9a]\x98\xc8O/d\xc5\x8b!\xcb\x81\x89h\x8c\
T/\x18@\x17(\xf96\xd1\xf1P\xb6H\xdf\x9b\xa6\
\xce4\xb9P\xcdn\x8d\xcf/\x15\xc4\xa5\x06\xeb\x81\x89\
FR\xbd\xc3\x13\x88\xa0\x0f\x94|[\x08e\x22\xb2%\
Z\x9av\xc5\xc8\xa5j\xf6b\xec\xe3bQ\x5ch\xb6\
\x1c\x98\x18%\x83\xab\x0c\xa0\x0d\x94|;\xa8=$[\
 \xd5\xdb\xdfC\x1eT\xb3W\xb9\xbb\xb3\xe2P\xaf\xe5\
\xc0\xc4\xadvR\xbdb\x00}\xa0\xe4\xdb\xc0V\x5c=\
L\x8e4\x86\xc8\x9bj\xf6\xc1\xe0\xc7\xa5\xa28Pe\
90q\x87T\x17\xf1\x04\x22\xe8\x04%\x0f\xbc\xee#\
\xe2\xb3\xf0\xc0\xcf?\xc6+\xa1\xe4\xabr_\x0b\xde\x07\
&\xce\x92\xc1w\x06\xd0\x08J\x1et\x87#>g\xfc\
a\x7f\x82\x88*\xa9\xe4%\xb9/s\xde\x06&\xea\xd2\
\xa4\xaa\x0aO3\x80>P\xf2`\xebh\xf07\xe3\x0d\
\x17V3^y%Wb\xeen`\xe2<\xa9Bo\
EV\xc6\x18@\x17(y\xa0\x9dO\xf9\x99\xf1#\xc3\
i\x22\xaa\xd4\x92\x97\xe4\x97\xe7\x5c\x0eL<$\x83{\
RR\x9cg\x00M\xa0\xe4\x01\x16?)\xfe\x99\xca\xf4\
\x10Qe\x97\xbc\xe4\xc3\x82\x9b\x81\x89H\x07\xa9:\x22\
\xb2fq\x82\x01\xb4\x80\x92\x07WkT\xfc\xd2wv\
\x88\x88t(9\xf3\xe0t\xc1\xf1\xc0\xc4=2\x18\x90\
u\x85<\x03\xe8\x00%\x0f\xac\xa3}\xe2\x93\xe8\xf54\
\xad\xd2\xa3\xe4%\xf9\xc5l\xf9\x81\x89{\xf2\xcb\xdb\x10\
\xa9\xce\xcbow\x19@\x03(y@\xa5\x07\xc4\x1f\x91\
\x93\x8d\xb4N\x9b\x923\x0fN\xcf\x94\x1b\x98\xd8+\x1b\
\xc2U\xa4J\xd7\x89br\x90\x01*\x1eJ\x1eLC\
\xb7\xc4\x17S\x87\x13\xf4\x8bF%/\xc9-\xda\x1d\x98\
8G\x06g\xc5`\x0e',P\xf9P\xf2@:\x17\
\x16?\xbc\xe9$\x95^%g\x1e[\xce\xda\x19\x98h\
\x89\x91\xea\x8e\xac\xc1\x09\x0b\xe8\x04%\x0f\xa0\xc4\x80\xf8\
 \xdc\xdbLF\xba\x95\x9cybzN6\x1c\xb7\x1a\
\x98h&U\xfb5Y\x83\x13\x16\xd0\x09J\x1e<U\
]\xe2]\xe4~7m\xa2a\xc9\x99k\xe6g\xca\x0c\
L\xdc \x83QQ\xe0\x0e\x0bh\x02%\x0f\x9c\x9b\x11\
\xf1\xac\xfeI\x82\xfe\xa4c\xc9K\xf2\x93R\xb2\xdfb\
`\xa2+N\xaaF1\xf7\x89\x01*\x18J\x1e0\xa1\
\x1b\xe2\xd9\xb5\xe1\x18\x99\xd1\xb4\xe4\xcc\xb9\x05\xeb\x81\x09\
c\xe1cQ\xb1\xb0\x84QO\xa8`(y\xb0\xa4\x1b\
\xc4\xab[\x87\xad:\xaem\xc9\x99s\xbb,\x06&N\
\x92\xc1\x88XZ\xc1a9T.\x94<Pn_\x13\
\x8f\xea\xaf[w\x5c\xe3\x92_\xb6\x18\x98\xa8O\x90\xaa\
5,\xd6\x0a9\xf6\xea\x03\x0ei`\x03J\x0eV\x8e\
G\xc4\x9b\xbaL\x9c\xaci\x5c\xf2\x9d\xa4j\xb0\xb8\xd0\
\x12J\xca\xdfd\xe7\xd9\x93\xf1I\xc9\xe2\x0f{X\x87\
\x92\x83\x85\x8cx\x93:\xd7N\x7f\xa3o\xc9/Y\x0c\
L\x9c\x22\x83\xebR\xc62\xbb7\xb8,%K\x0c\xb0\
\x06%\x07S\xa1c\xe2Id$A\x7f\xa7o\xc9\x1f\
\x98\x0fL\xa4\xdaH\xd5\x1d\x91r&'\xd8\xa5OE\
Y\x93c\x80U(9\x98I\xbc\x17O\xce\xb6Q9\
\xda\x96\xfc\xaa\xc5\xc0\xc40\x194Hy\xb3\x83\xecF\
~F\xd6}f\x80U(y u\xc7=\xfe|T\
\xbcH6Ry\xda\x96\xfc\xa5\xf9\xc0\xc4\x112\xe8\x17\
;\x0a\xe3\xec\xd8\xd8\x82\xfc\x86\xfd\x0aX\x85\x92\x07S\
\xf2\xday\xf2\xa0\xb1N<\xa8\xef';t-\xf9\x0e\
\xf3`\xf7\xd5\x92\xaa'%\xb6\x14\xf3\xec\xcc\xc4\x97\xac\
(\xe60_\x01%(y \x0d\x8b\xc8\x9b\xdb\xe4\xd6\
\xcd\xb0\xb8\xd7\xd7\xd4N\xb6hZ\xf2\x9a\xc7\xe6\x03\x13\
\x192\xe8\x15\x85\x8fWX\xe6\xe7\xc4\xe8+\x030\xa3\
\xe4\x01\xd4^/\xab\x8e\xf5\x90+\xf7\xc4\x83S\xddd\
\x97\x9e%\xfff\xfe\xbbJ\x86H\xd5)\xf6\xdde\xdb\
\xf2\x9fe\xb3,\xa6\x9e\x81\x19%\x0f\xa2\x1b\xf2S$\
\x13#\xe7F\xc4\xbd\xae\xfdd\x9f\x96%\xdf\xfd\xcct\
`\x22\xdcJ\xaaD\xbd8\xb0\xc4\xf6\x8c-\x8a\x89\x05\
\x06`\x94<xj\xc3\xb2a\xaa\x93\x9c\x1a\x15\xd7\xc2\
Mqr@\xcb\x92\x9f6\x1f\x98h\x22\x83c\xe2\xc8\
B\x0d\x977q7+\xa6\xf0\xb2\x220\xa3\xe4\xc13\
 \x8a\x86*r\x22\xd6+\xae%[\xc9\x09-K\xbe\
\xfb\x84\xe9\xc0\xc4T\x9cTCb\xe4\xc7\xc5\xf2\x8f\x05\
\xb10\xcb\x00(y\xe0\xec\x11\x83\xf0\xfd\x04\xd9\x16o\
\x10\xb7\x22\x99\x109\xa3c\xc9\xcf\x98\x0fL\xec\x22U\
\xbcK\x9cZ)\x93\xf2\xdc\x8a\x94\xe0\x8d\x5c\xb0\x82\x92\
\x07M(*\x9b\xd4\x1d\xb6\xdb\xd8\xc4!q\xeb}7\
9\xa5a\xc9\x0f\x84H\xd1\xd6'?\xed#\x93\xc0+\
\xbc~#4\xb8$\x9b\xe1&\x22\x18\xa0\xe4AsT\
\xfe\xd42Dv\xf4D\xc5\xa5T?9\xa7a\xc9_\
\x98\x9e\x86\xdfJ\x90\xea\xb6\xb81c\x99\xf2\x9a\xe9b\
\xd9\x07\x5c\x00P\xf2@I\xa7\x1c_\x0e\xf4\x1e\xf2S\
=\xf4\xdf\xfd\x8b\x92_1\xff\xcfr'\xa9b-\xe2\
Ja\x8cM}\x98\x91\xb2\xc6\x19\x00%\x0f\x92}\xae\
?\xd8i\x9b\x12w\x22\x17\xa8\x02\xfc\x8b\x92\xbf6\xfd\
\xf8\xa7\x97\x0c\xbe\xcf\x8a;s\xe3\xe6o\xd7\xda0\xc9\
\x00(y\x80\xb4\x86\xdd~D\xdf\xd6%\xee$k\xa9\
\x12\xb8,\xb9\xf7\x81\x89T\x0f\xa9\x9er\xcd\x17\xdfR\
>\xb1,\xf6|`\x00\x94<8\xde\xbb}\xd8\xaa\xa3\
\xcb\xed\x1d\xf2\x10U\x04\x97%\xf7>0\xd1O\xaa\x13\
\x07\x999_\xf0'\xe5\x9f\x8ab\xd3\xcc\x0f\xf6\xee\xb3\
'\xaa \x0a\xe3\xf89G#\xea\xba\xe8B4\xac\x80\
%\x0a,%F#\xd6`\xaf\xd8\xb0\xc4\x02\xb1\xae\x04\
5\xa2\xd1`\xc1\x82 \x04\x83@\x82\x1a\xe3\xe7U\x13\
\x8dse\x90[\xf6\x5cf\xd6\xe7\xf7\x09\xf6\xd5?\x9b\
\xdc\x99y\xb0\x0b\x0a(y\xf9\xd8\x15\xed\xb1\xd9\xe4!\
\xef\x5cF\x8eHP\xf2D\x03\x135\xb6\x9f\xd17Y\
\x82\x94\x0f\x8cKx\xc3\x0c\x80\x92\x97\x89\xfc\xbc=\xce\
\xed\xae\xb7\x86\xbcSb\xd9\xd1D\xaeHP\xf2$\x03\
\x13\xb9\x9dd\xba\xc1\xbfL\x14\x13\xa6\xbc{R\xa2\x18\
\xc3\x10\x1c\xa0\xe4\xe5\xe2\xae\xcc\xaf\xb3\xabd!o\xde\
K\xee\xb0\x97\x5c}`b\x1d\x05\x1c\xe7\xdf\xba\xa7\x93\
\x9c`\xe9\xfbZ\x94h\xbe1\x00J^\x16\xb6\xe7$\
\x8c\xba-\x14t\xb0C\xe2(\xec#\x87XK\xae>\
0\xb16C\xa6\xa7l\xf8\x1c?\xe5\x13\x1f$\x02\x0c\
\xc1\x01\xa3\xe4e\xa4A\xc2\xc9V\xb5\x91\xa1\xa9U\xe2\
h\xc8\x93Kl%W\x1f\x98\xc8.&\xd3\xed\x0a6\
\x8d\x16\xe3\xa5\xfc\xe1\xb4\xc4\xf0\x85\x01P\xf22\xd0(\
\xa15\x9f\xf9\x93\xe1\xf6\x82\xc4\x90\xad%\xb7\xd8J\xae\
>0q\x95\x02.rP\xef\x88\xc4P\x94xF\x19\
\x00%\xf7\xdfZ\x09\xcb|\xef6_'1\x5ch$\
\xc7XJ\xae>0Q\x9d'S?\x1b\x8c3,)\
\x19\xc4ID@\xc9\xfd\xb7W\xa2\xb9\xb5\x98~\xc8\x9c\
\x92\x18\xea\xda\xc85\xf6\x92\xeb\x0eL4\x92\xe9Q%\
\xcf\xd6#\xe9\xe9a\x00\x94\xdcs\xf5\x17$,\xf3\xbd\
\xdb\x1d\x12\xc3uGn\x03E(\xb9\xc6\xc0\xc4u\x0a\
8\xc16Cc\xa2\x04Cp\xf0\x07J^.6I\
t+j\xab$\xba\x5c\x179\xc8Vr\xdd\x81\x89\xce\
v2\xbdd\xbb\xeeiI\xcb\x14\x03\xa0\xe4^\xdby\
LR\xd2\xb1\x98\x5cd)\xb9\xf2\xc0\xc4J2\xed\xdf\
\xc8s\xa8\x98\x92xp\x12\x11\xc2B\xc9\xcb\xc5aI\
I\xc1\x81\x17l#\x94\x5co`\xa2\x81\x02\x16\xf1\xdc\
f$%\xd3\x0c\x80\x92{\xec\x9c\xa4\xa4\xa5\x9e\xdc\xa4\
Y\xf2~\xcb\xc3\xc1\xab\xda\xc8\xb4\x94\xff\xe5\xa3\xa4d\
\x82\x01ProeZ%\x1d\xd7\x1c\xfc\xd6\x99\xa0\xe4\
\x09\x06&\xba\xc8\xb4y5\x1bT\xbf{b\x08\x0e,\
P\xf2\xb2pIR\x91]G\xce\xb2\x94\x5cs`\xa2\
\x85\x02\xde\xf3<z\x07%\x153\x0c\x80\x92{\xaai\
\x85\xa4!\xb7\x8b\xdce)\xb9\xe2\xc0Dn;\x99\xb6\
\xf1\xbcN\x8f\xcb\x5cp\x12\x11\x1c\x83\x92/\x8c\xeb\x92\
\x865\xce\xdd\xebL\xa7\xe4K\xc9tK~\xaa%S\
\xe68[,\xcc}\xcfI\x06@\xc9\xbd\xb4<+)\
\xa8\xdeI.\x0b\x96\x5cy`\xe2U\x86L\xcf8\x94\
o\x92\x86\x01\x06@\xc9}tKRPpgT\x22\
B\xc9u\x06&\xb2\xcb\xc9\xf4\xb8\x82\xc3\x99\x91\x14\x8c\
0\x00J\xee\xa1+\x92\x82\xd7\xed\xe4\xb6@\xc9\x95\x07\
&\xeeR\xc0!\x0e\xabGR\xf0\x91\x01Pr\xef\xe4\
\xabE_\x8d\xab\xc7\xc8\xad%W\x1e\x98h\xcd\x93\xe9\
\x09\x877,\xfa\xc6p\x12\x11Pr\xff\x9c\x11}-\
n\xadJ\xa4X\xf2\xf3\x96\xf7&/\x93\xe9N%\x07\
-\xf8\x1d\xa1\xcf\x0c\x80\x92{\xa6\xadY\xd4\x1dv\xf6\
>\x90\xad\xe4\xda\x03\x13g)\xe0(G2*\xfaz\
\x19\x00%\xf7K\x95\xa8k\xf0 \xe4F\xc9\x95\x07&\
:\xea\xc9\xf4\x9c#\x1a*\x8a\xb6{\x0c\x80\x92{e\
KV\xb4]#\x1f\x04J\xae90q\x8eL\xf7+\
9\xaa\x01\xfd\x94\x0f1\x00J\xee\x93:\xd1\xb6\x89\xbc\
`\x96\x5cs`b\x03\x05\xec\xe1\xe8\x06\xc6D\xd9\x08\
\x86\xe0\x00%\xf7I\x97h;K~0J\xae90\
\xb1\xa6\x89L[\xf9\x07\x07\xff\x95\x0f3\x00J\xee\x8d\
|\xa7(\xab\x22Oh\x94\xfc\xc1\xec\x81\x89]d\xda\
\xbc\x91\xddL\xf9\xd8i\x06@\xc9}\xb1[\x945\x90\
/\x8c\x92+\x0eL\xb4P\xc0;\x8eiH\x94}b\
\x00\x94\xdc\x13\xdbsb\xf3\x7f\x1d?\xb4\x94\x5cm`\
\xa2\xf9 \x99\xb6ql\x132\x17\x0c\xc1\xc1\x82C\xc9\
\xd3\xb5Ct\x9dr\xffB\x90\xa5\xe4\x8a\x03\x13'\xc9\
\x949\xc2A.]\x11\xfa\xc2\x00(\xb9\x17\x1aE\xd7\
[\x8fBn\x94\x5co`\xa2\x86\x02^\xf0,\x0e]\
\xdc\x1fe\x00\x94\xdc\x07\x05Q\xf5\xda\xf9\xb7Vl%\
W\x1c\x98\xc8\xed#\xd3M\xb6r\xe59\xadA<\xbf\
\x02(\xb9\x0fN\x8a\xdd\x7f\xf2\x8c\xad\xb5\xe4\xaa\x03\x13\
g\xc2>\x81\xe8\xc6#\xb7=\x0c\x80\x92;\xaf}\x8d\
h\xeah#\xaf\x18%W\x1a\x98(d\xc8\xf4\x80\x13\
\xfb$6\x18\x82\x83\xc8Pr\x7fm\x12M+\x96\x93\
_\x8c\x92\xeb\x0cLd\xb7\x90\xe9v\x05'wO4\
M1\x00J\xee\xb8}\xc7D\xd1\xb1\xf5\xe4\x19\xa3\xe4\
:\x03\x13W)\xe0\x00\x97@\xdf\xb8\xd8`\x08\x0e\x22\
B\xc9\xbd\xd5\x22\x9a\xf6\x92o\x960\xab\x0eLT\xe7\
\xc9\xd4\xcf%\xd1=(\x8a\xc6\x19\x00%w\xda9\xd1\
\xb4\x9b\xbcc\x94\x5ce`b=\x99\xdeTri<\
,\x8a\xa2\x09\x06@\xc9\x1d\x96i\x15E\x1b\xc8?K\
t\x07&\xaeQ\xc0\x09\xfe\x9b\x93\xf7\xf6?\xe0$\x22\
\xa0\xe4.\xab\x15E5\xfe\xdc\xd17J\xae:0q\
\xa1\x9dL/9\xc0\xdd\x1bB3\x0c\xdf\xd9\xbb\xcb\x1e\
&\x82 \x8c\xe33\x03\xd9\x069\x08V\xb4A\x82\x17\
w).\x09\xee\xeeN \x90 !\x85\x90@pw\
\xf8\xbc\xbc \xc0\xeeA\x8b\xed\xdc\xed\x1c\xcf\xef\x03\xf4\
\xe5\xf3\xa6\xb3\xf7\x07,y\xb2&\xf5\x15=\xcd\xd43\
\xfa\xdaK\x9e\x0fL\xd4E\xf6\x92o\xf9X\x8e\xe8\xad\
\xfc\x14Bp\xf0\xdb\xb0\xe4F\xed\x17=\xf5\x05d\x91\
cf\xb5\xc0\xc4|\x0a\xf4\xe0\xa8\x9e\x89\x9eg\x0c\x80\
%OT\xcfL\xd4d\xe6\xee\x0f\xbd%W\x0aL\xf4\
\x9dF\xbe3\xfc]\xf2\xb7\x88\x08\xc1\x01\x96<U\xc3\
D\xcf!\xb2\xc91\xb3V`b\x09\xf9\xc6\x0f\xe5\xc8\
N\xdf\x175w\x19\x00K\x9e\xa4\x85\xa2g>\x19\xe5\
\xf4\x02\x13\x1b)\xf0\x92\xbf2q\xc0\xf2\x94\x01\xb0\xe4\
\x09\x1a\xde\x125MS\xdf?\xf49\xd6\x0aL\x0cX\
@\xbe#\xac\xe0\x83\xfc\x00!8\xf8}Xr\x83v\
\x8b\x9a)\xcb\xc8*\xa7\x16\x988D\x81\xf5\xfc\x83\xb4\
\xbf\xc0\xf2\x89\x01\xb0\xe4\xc9Y9@\xd4\xf4'\xb3\x9c\
V`\xe2V\x1f\xf2]g\x15g\xdb\xf2\x03\x5c\x22\xc2\
\xef\xc2\x92\xdb3Fr\xfe\xebG\xfa\xdf8\xa5\xc0D\
\xd6\x93|\x97k\x9c\x93\xfe\xb3}\x84\xe0\x00K\x9e\x9c\
=\xa2f#\x19\xe6\x94\x02\x13\x8b(\xb0\x93\xbbK\xb2\
\xd1\x8cKD\xc0\x92\xa7\xe6\xa6hi\xd9\x8a\x04\xe58\
\x8d\xc0D/i\x0e'\xdft\xd6\xf3I\xb4\xb4k\x0c\
\x80%O\xc96\xd1\x92\xed!\xcb\x1cG1;\x17\x98\
\x98H\xbeK\xfdXO\xed\xa1h\xb9\xc3\x00X\xf2\x84\
46\x88\x96Sd\x9aS\x09Ll\xa1\xc0Z\xd6t\
\xfa\xa4(9\x89KD\xc0\x92\xa7d\x91h\x19E\xb6\
9\x85\xc0D\xb3\xd5 \xdf\x05\xfe\x19\x0b\x9fE|\xc3\
\x00X\xf2d,\x18 J\xa6\xcc%\xdb\x9cF`b\
0\xf9\xce\xf7\xe3\x9f1qU~\x91\x01\xb0\xe4\xa9X\
-Z\xb6\x91q.~`\xa25\x81\x02\xdbY\xdb\xa6\
G\xa2\xe4\x05\x03`\xc9\x131Z\xb4L \xeb\x5c\xfc\
\xc0D}\x12\xf9fq\x07&>\xc0r\x8f\x01\xb0\xe4\
i\x98,JZ&\xe3\x12\x01\x17;0\xd1\xa8\x8f#\
\xdf\xf8!\xfcs6N\x11\xdb\x08\xc1\x01\x96<\x0dK\
EI6\x91\xcc\x8b\xb0\xe47\xc8wj*\x05>r\
\x11jwE\xc9\x07\x06\xc0\x92'`^]Bx\xa5\
\xefq\xb1\x03\x13\x1b\xe6\x92o6wc\xe0\x14\xf1\xe4\
\x01\x06\xc0\x92\x97o\x8b(\x19a\xb1\xc0\x9c\xe7b\x07\
&v\x91\xaf\xcf\x1a\xee\xc2\xc4)\x22Bp\x80%O\
@\xefLtd=\xa9\x02\x5c\xe4\xc0\xc41\x0a\xcc\xe4\
\xc2<\x14%\xd7\x18\x00K^\xb6\xa9\xa2d\x1fU\x81\
\x8b\x1b\x988\xdc\x9b|G\xb98\x17E\xc9C\x06\xc0\
\x92\x97l\xb0(\x194\x9c\xaa\xc0\xc5\x0dLl\xa6\xc0\
*.\xd0k\x09 \x04\x07\xbf\x84%\xb7\xa2\xcf Q\
b\xb4\xa5\x9f\xe7\xa2\x06&v\xf7!\xdf\x1c\xfe\x15\x13\
\xf7+\x8fp\x89\x08X\xf2r\x1d\x12%\x03\xa9\x1a\x5c\
\xcc\xc0\xc4\x8c\x19\xe4;Q\xe3B]\x13%o\x19\x00\
K^\xa2iSD\xc7\x0e\xfbo\x82\xbep1\x03\x13\
[)\xb0\x82\x0b\xf6Fr\x10\x82\x83\xae\xb0\xe4F\x0c\
\x14%\x0b\xa9\x22\x5c\xc4\xc0\xc4\xdc\x06\xf9\x1ep\xd1\xce\
>\x12\x1d\xe7\x18\x00K^\x9a\x19\x99\xe8XMU\xe1\
\x22\x06&\xc2!\x7f\xd5\x8f\x0bwO\xf2\x10\x82\x83.\
\xb0\xe46\xdc\x16\x1dSVRU\xb8h\x81\x89\xbc\xc5\
\x5c\x82g\xa2\xe3.\x03`\xc9K\xb2P\x94\x8c\xa4\xca\
p\xfc\x0f\x8eRgW\xb9\x0c\x07NJ\x08!8\xe8\
\x02Kn\xc1\xf0\x96\xe8hV\xe1\x99~\x84%\xdfN\
\x9d-\x1f\xcb\xa5\xf8 :\xee#\x04\x07X\xf2r\x9c\
\x12%\x83\xa9:\x5c\xa4\xc0D\xdec\xfe\x03\x16\xfe\xf4\
\xfc\xc4\x00X\xf2\x12\xac\x1c :\xa6R\x858\xfek\
\xef\xa9\xb33\x5c\x96'\x92\x83\x10\x1ct\x84%7`\
\x82\xe8\xc8\x96Q\x85\xb8H\x81\x89\xd0\xf8\xa1\x5c\x9a\x17\
\xa2\xe3\x1d\x03`\xc9\x0b7Q\x94l\xa1*q\x11\x02\
\x131~\xd5\xc0\x97\xb4\x10\x82\x03,y\xf1F\x88\x8e\
zU^w~\xe1\xe2\x04&BG\xb8L\xcfEG\
\xbb\xc6\x00X\xf2b-\x11%K\xa9R\x5c\x9c\xc0D\
h=\xff)\x13\x97\x88\x07\x19\x00K^\xa8\xc6\x0e\xd1\
1\x99\xaa\xc5E\x09L\x84\xaep\xb9\x0eJ\x08!8\
\xe8\x00K\x9e\xba}\xa2\xa4\x17U\x8b\x8b\x11\x98\x08\x1d\
\xafq\xb9jm\xd1\xf1\x9c\x01\xb0\xe4\x05Z\xb0N|\
\xb8@\x8c\xbd\xe4k\xa8\xb3\x9d\xfcWp\x89\x08\xd6}\
f\xef>W\xa5\x08\x82(\x00W\x95R\x86u\xc5\x1c\
P1g\x11\xc5,\xe6\x80\x0af\xc5\x9c\xb3\x18\xc1\x88\
\xb2\xa6E1\x5cQ\x97\x8b\xcf\xabb@\xd7;\xd2;\
S3[\xdd\x9e\xef!\xce\x8f\x9a\xe9s\x90\xe4\xd66\
II\x16Rb4\xef\xc0D\xa6\xeb\xdc}\xcf\xa4\x1c\
=\x0c\x80$\xaf\xcc \xf9\x13:\x10\x8d\x93|#e\
\xba1\x94\xbb\xef\x85\x94\xe45\x03 \xc9+R\x9b/\
m0\xa7o\x9b\xe4\x03)\xd36\xf6\x00Cp\x10\x02\
I\xee\xda\x01)\xc92J\x8e\xe6\x1b\x98\xc8\xf4\x80]\
hHIz\x19\x00I^\x89\xd9\xc3\xa4\x1c\xf5\xc1\x94\
\x1c\xe5\x1c\x16\xbb\xab@\xfc\xcbK\xf9\x0d\xfeD\x84\xbe\
!\xc9=\xdb%%\x99I\xe9Q\xdb\x81\x89~\xecD\
C\xcaq\x0eo\xf6\x01I^\x89\xc1u)G}9\
\xa5GM\x07&\x06\xb2\x1b=R\x86\x8f\xa8)\x07$\
y5NKIFP\x82\xd4r`b\xc6hv\xe3\
\x8e\xd8\xeb\xc1\xff\xe4\x80$\xaf\xc8!)\xc9\xd6%\x94\
 \xb5\x1c\x98x\xce\x8e\xb4\xc4\xd8C\x1cV\x00I^\
\x95\xdaH)\xc9\x11J\x91\x1a\x0eL,fO\xee\x88\
\xa9s\xbd\xf8\x01\x11\x90\xe4\x95\xd9)m00\xf1O\
j70Q\xdb\xcc\xae\xbc\x14Co\xf1\xcf\x0a \xc9\
+\xb4d\x99\xfc\x09\xcf;\xffI\xed\x06&\xee\xb2/\
/\xc4\xcc\xcb;\x0c\x80$\xaf\xd4\xac9R\x86Y\x94\
$\xe5\xce\x0c]G\x19n\x0e`g\x1e\x8a\x8dWo\
\x18\x00I^\xb9\xd5c\xc4\xdc#J\x93\x9a\x0dLl\
do\x9e\x8a\x89O8\x90\x03\x92\xbc+&M\xdf*\
\xc6VP\x9a\x94;2\xb5F\x19n\xb3;\x97\x9aR\
\xdc\xe5\x0b\x0c\x80$\xef\x92\xb5\xf3\xc4\xd4-J\x94\x1a\
\x0dL\x9c\xf5P\x81\xd8\xee\x83\x14\xf5\xac\xc1\x00H\xf2\
.\xda=_\x0cM\xa0D\xa9\xd1\xc0\xc4\x16v\xe8\xa8\
\x14\xd3|\xca\x00H\xf2\xee\xaaM\x18\x22V\x86L\xa2\
D\xa9\xcd\xc0\xc4=v\xe9\xa3\x14\xf1\x19O\xf3\x01I\
\xee\xc0\xec\x13u\xb1q\x98R\xa5&\x03\x13W<\xde\
V\xbe\xba&\xf9\xb5p \x07$\xb9\x13\xfd\xc7\x89\x85\
\xad\x0b(Uj20\xb1\x8a\x9dj\xe1i>\xfc\x03\
\x92<\x1a+n\xa1\xce\xd6*\xc9\xf7S\x86E\xecU\
Cr9w\xcc\xdd\xcf\xf1\x10\x01$y\x89\xc6\x1f\x1c\
.E\x0d\xa2d\xa9\xc1\xc0\xc4\x0c/\xf3\x12\x7f\x1b\xf0\
Jrx\x87\xa7\xf9\x80$wg\xc3\x94\xba\x142\x92\
\xd2\xa5\x06\x03\x13O\xd8\xaf^t\xd7B6$y\x5c\
\x16N\x94\x22vR\xba\x94\x83\x9d\x8a\xa2\x02\xb1\xcd\x05\
\xe9\xd0+\xcc\xe7\x03\x92\xdc\xad=;$\xb7z\xba\xdf\
;;I\xf2\xbd\x91T \xb6i\xa1\xbb\x162!\xc9\
\xa33i\xe5p\xb4 \xf6A\x0b\x0fL\xdcg\xd7^\
\xa0\xbb\x162!\xc9#\x94\xbb\xefv\x14%L\x8b\x0e\
L\x9cb\xdf\x064\xd1]\x0bY\x90\xe4Q\x9a<G\
rXC)\xd3\xe0\x81\x89h*\x10s\x96\xaf4\xd1\
]\x0bH\xf2Hl\x1f#\x1d;O)\xd3\x82\x03\x13\
W\xd9\xbb\x0b\x12\xe4-\x0e\xe4\x80$\x8f\xc6\xd2\x8e\xfb\
n\xebI\x0e1\xff\xa2\xc5\x06&\xceD\xf0\x82\xa6G\
B|d\x00$y<:\xed\xbb\x9dGI\xd3b\x03\
\x13\xeb\xd9\xbf\xd7\x12\xa2\xc9\x00H\xf2\x98\x8c\x1a)\x1d\
\x98FIS\x0e1u\x06\xf5\xe9:G\xe0\xd29\x09\
\x81\xf7@\x80$\x8fK\xed\xf8\x10\x095<\xd9>\xdb\
\xef\xb4\xc8\xc0\xc4c\xa7\x15\x88m\xdeJ\x88^\x06@\
\x92\xc7\xe5k\xdf-~&\x0fO\xf2\xb1\xd4\xb7m\x1c\
\x85\x17\x12\xe2\x19\x03 \xc9c\xd3\x7f\xdc\xff\xbd\xdf\xf9\
\x93\x16\x18\x98x\xc0q\x08<\xaf\xa0\x8f\x1c\x90\xe4\xf1\
\xd9#!\x86\x8f\xa7\xb4i\xfe\x81\x89u~+\x10\xdb\
\xbc\x93\x10\xf8\x9f\x1c\x90\xe4\xf1\x99\x22!\x96Q\xe24\
\xff\xc0D?\x8eECB\xb4\x18\x00I\x1e\x9b}8\
\xae|\xa3\xb9\x07&.r4\x02\xcf+\x98\xed\x04$\
yl\xfaK\x88\xb9\xa9\x1fWH\xf3\x0eL\xcc\x18\xcb\
\xf1x'!0\xf8\x06H\xf2\xd8\xec\xfc\xdfg\xdf~\
\xd0\xbc\x03\x13\xef9\x22\x0d\x09\xf1\x99\x01\x90\xe4q9\
-!\x0eQ\xea4\xe7\xc0\xc4I\x8eI\xd8y\xe5!\
\x03 \xc9\xbf\xb0w\xa7-7\x85Q\x18\xc7\xef\xb5h\
\x89\x13e\x1eJ\x91\x99\x8ce\xcc\x18\x0f2\x85d\x8c\
\x8c\x91\xa9\x0c\xa5d\xca\x1c\x92)\x9f\x97\x8c{\x9f\xfd\
p\xd6>\xaf\xce\xba\xef\xff\xef3\x9c\xae\x17\xfb\xac\xfb\
\xbaB\x999\xc4\xc7\x95\x1f\xac\xcf\x81\x89\x9d\x12\xca\x07\
\xf5\xa0\x9d\x1c$y,\x93\xb8\x5c\xf9\xc9\xfa\x1b\x98\xb8\
+\xb1<T\x0f\x86\xdf@\x92\xc7\xb2_=6\xa4\xec\
Y_\x03\x137\x03T \xd6\xec\xa5\x0f\x11\xc3 \xc9\
\xa3[\xa2\x1e9\x0fx\xfeb}\x0dL\x1c\x96h\xde\
\xd1\x87\x88&\x92<\xb8\x05\xea\xb10\xe5\xcf\xfa\x19\x98\
X*\xe1<\xe6\xc1>\x9aH\xf2\xe0\x8e\xaa\xc7\xb1\x94\
?\xebc`\xe2F\x8c\x0a\xc4\x9ak<\xd8G\x13I\
\x1e\xdc\x1c\xf5\x98\x9f\xf2g}\x0cL\xec\x90\x80\x9e\xa9\
\xc3\x1b\x01H\xf28\xee\xab\xc3\xa2N\xca\x9f\xb5\x1f\x98\
\xb8*\x11}P\x87\xf3\x02\x90\xe4a\xcc\x1c\xcb\x0d\xe2\
/\xd6z`\xe2J\xc0o+\xdf=\xe5C9\x1aH\
\xf2\xd8\x0ep\x83\xf8\x9b\xb5\x1e\x988(!\xed\xe5\xa2\
\x1c\x0d$yl\xeb\xd4ck*\x80\xc9\xbf]M\xc3\
X!A\xbd\xa3z\x05\xddH\xf2\xd8\xa6q\x83\xf8\x9b\
\xb5\x1c\x98\x98;Y\x82zL\xf5\x0a\xba\x91\xe4\xa1u\
\xc6\xab\xc3\x9cT\x02k90\xf1Y\xa2\xbaFG9\
\xba\x91\xe4\xa1-\xa3\x07\xf1\x0fk70\xb1R\xc2\x1a\
\xa5\x1ew\x04 \xc9c\xd8\xad\x1e\x0bR\x09\xac\xd5\xc0\
Dg\xbb\xc4\xf5I\x1dN\x0a@\x92\xc7p\x5c\x1d&\
\xa6\x22X\xab\x81\x89\xe5\x12\xd8Iu\xb8,\x00I\x1e\
\xc3\x0cu\x98\x90\x8a`m\x06&\xceHdwx\x1b\
\x84.$yd\x9d!\xae\xc9\xff\xb06\x03\x13\xdb$\
\xb2\xbd\xbc\x0dB\x17\x92<\xb2e\xea\xb1)\x15\xc1Z\
\x0cL\xac\x92\xd8\x9e0\xcb\x8c:\x92<\xb2\xdd\xea0\
%\x95\xc1dX\x8fR\xd3\xb9h\xf3\x12\xdd\xbe\xaa\xc3\
\x17\x01H\xf2\x08\x8e\xab\xc3\xe2T\x06\x93\xe1\x8c{\x9f\
\x9a\xb6HpO\xf9\xcb\x13u$yd3\xd4a_\
*\x83\xb9\x07&\x9eKt\x17\xd9\x0dB\x1dI\x1eX\
g\x88n\xf2\xbf\xcc;0\xf1>f\x05b\xcd3^\
y\xa2\x86$\x0fl\x8c:\x0cMOe0\x19\xc6\xad\
\xd4\xb4^\xe2{\xcb+O\xd4\x90\xe4\x81\xadU\x87\x19\
\xa9\x10\xe6\x1c\x98\xb8-\x19x\xcc\x02\x1cjH\xf2\xc0\
.\xf0.\xa8\xc2|\xbf\xc7\xcd\xb3%\x03\x0f)\xb6E\
\x0dI\x1e\xd8ju8\x95\x0aa\xbe\x81\x89W\x92\x83\
\x13\xea\xf0B\x00\x92|\xf0-T\x87\xd1\xa9\x10\xe6\x1a\
\x98\xb8$y8\xaf\x0e\xd1\xcf\xe6\xe1G\x92\x076D\
\x11\xe2\x7f\x93|gj\x98;U\xf2\xf0\x89\xf7\xfa\xa8\
\x22\xc9\xe3\xda\xa4\x0e\x87R)\xcc30a\x92\x89\x8f\
\xea\xf0P\x00\x92|\xd0\x1dU\x87=\xa9\x14\xe6\x18\x98\
8-\xb9x\xcd\xf1\x0a\xaaH\xf2\xb8\x8e\xb0\xfcVe\
\x8e\x81\x89\x9d\x92\x8bk\xea\xf0Q\x00\x92|\xd0\xcd\xa2\
\xd2\xb6\xcaz\x0fL\xdc\x92l\xecU\x877\x02\x90\xe4\
\x83\xee\x81:,K\xa5\xb0\x9e\x03\x13gs\xba\xe5x\
\xc9\xbe>*H\xf2\xb86jocKy\xab\x9f\x92\
\xf5\x1c\x988,\x19y\xc3\x19\x22*H\xf2\xb0:c\
\xb5\xb7%\xa9\x18&5\xcd\x81\x89\xeb\x92\x93\x93\xeap\
B\x00\x92|\xb0\xad\xa1\x9c\xbc\xc6z\x0cL\xdc\xc8\xa0\
\x02\xb1\xe2)\x1dZ\xa8 \xc9\xc3:\xa0\x0e\xfbS1\
\xac\xc7\xc0\xc4.\xc9\xca5ux-\x00I>\xd8v\
\xd3\xbaRc\xff\x1f\x98\xb8'y9\xc1\x00\x1c*H\
\xf2\xb0\x8e\xa9\xc3\xd1T\x0c\xab\x0dL\xe4Y\x81X1\
J\x1d\xde\x0a@\x92\x0f\xb6y\xea02\x15\xc3\xfe;\
01Br\xe39C|'\x00I>\xd8\xbe\xb1w\
\xaf-QEQ\x1c\xc6\xd7\xda\xe4\xb64\x10B\xb10\
\x93@\xba\x13I\xe2\xa0\xd0\xbd\xc8(\x8c\x90\xb2\x0b\x84\
\x05]\xad\x88\xb22\x824\xc5H\xb2B\x89>o\x14\
\x9e3\x9cq.\xdbwg\xef\xf5\xfc>\xc3\xf0\xbc\x98\
\x99\xbd\xfe\x1f]\x80a1\xc37\x1b\x98\xd8\xae\xc9y\
\xc2\x94'\xaa(y\xb4\xae\xb8\xd6v\x8a\x1d\xbe\xc9\xc7\
p\xb0G\x93\xf3\x87?\x94\xa3\x8a\x92G\xeb\x92k\xed\
\x90\xd8\xe1\x9b\x0cL|\xd1\xf4\xcc3\xca\x8c*J\x1e\
\xaba\x17\xe0\xbc\xd8\xe1\x1b\x0fL\x0ci\x82\x16\xb9P\
\x8e*J\x1e\xab\x0e.!\x16\xf9\x86\x03\x13\x9d\x174\
A3<\x0dB\x15%\x8f\xd5\x80\x0b0)v\xf8\x86\
\x03\x13\xb3\x9a\xa2;.\xc0\xa2\x02\x94\xbc\xcc*.@\
\x97\xd8\xe1\x1b\x0dL\xbcJ\xf3g\xbfv\x17`^\x01\
J^f}\xdc\xb4-\xf2\x8d\x06&\xcei\x9a\x96\x5c\
k\xbf\x14\xa0\xe4e6\xe5\x02\x8c\x88\x1d\xbe\xc1\xc0\xc4\
kM\xd4\x02\x8f<\x91\xa3\xe4\xb1\xda\xe5\x02\xf4\x8b\x1d\
\xbe\xfe\xc0\xc4\x83\xb4N n\xf1i\xd0\xba\x02\x94\xbc\
\xcc\x8e\x84\xecL\x88!\xbe\xfe\xc0\xc4EM\xd5w\xd7\
\xda\x82\x02\x94\xbc\xcc\xf6\xba\xd6n\x88!\xbe\xee\xc0\xc4\
;M\xd6\x1a\xcf\xf5\x91\xa3\xe4\xb1:\xcabP\x91\xaf\
70\xf14\xd9\xefV\x02W\x83\x14\xa0\xe4e\x16\xb2\
\xe2\xb9[\x0c\xf1\xaa\xda\xfeS\x8aF5]+\x1c^\
A\x8e\x92\xc7\xea0\x8f\xf5\x8b|\x9d\x81\x89\x13\x9a\xb0\
E\x0e\xaf G\xc9c\x15\xb2\xc7|[\x0c\xf1\x9b\x07\
&\x06S\x9b\x97(x\xcb&3r\x94<R\xfd.\
\xc0\x94\x18\xe27\x0fL|\xd6\x94\xcdpB\x0b9J\
\x1e\xa9\xb3\xacx\xd6\xf0\xba\x7f\xd0\xc0\x09\xc4-\x1e^\
\x99Q\x80\x92\x97W\x87\x0b0&\x86xm\xb3p\x02\
\xb1\xea*\xc7\x10\x91\xa3\xe4\x91:\xee\x02T\xc4\x10\xdf\
+E\xef5m\x8f9\x86\x88\x1c%\x8f\xd4\x0eN!\
\xd6\xf0\xcf\xa5\xe0\xbe&\xae\xdd\x05\xf8\xa6\x00%/\xaf\
.\x17`B\x0ci3r\x02\xb1\x8a\x92#C\xc9c\
Uq\x01\x06\xc4\x90i)x\xa6\xc9s\x01V\x14\xa0\
\xe4\xe5\x15T\xf2\x03b\xd6\xb4\x81\xc7\x8d\x94\x1c\x19J\
\x1e\xab\xeb\x0cM4uF\xd3\xb7\xc4h\x102\x94<\
Rc.\xc06\xb1\xea\x85\x1a0G\xc9\x91\xa1\xe4\x91\
\x1aw\x01N\x89Q\x9f\x12>\x81\xb8\xb5\xd1\xa0\xbb\x0a\
P\xf2\xf2\x9at\x01N\x8aQ\x97\xd5\x82eJ\x8e\x0c\
%\x8fT\x9f\x0bpLl\xfa\xa0&\xac\xba\xd6~+\
@\xc9\xcb\xeb\x9e\x0bpPL:\x9d\xf4\x09\xc4\xaau\
\xc6\xf5\x91\xa1\xe4\x91\xba\xc6 s\x8d\xb6\xa1\xfc3\xa6\
6\x84L2\xaf)@\xc9\xcb+\xa8\xe4{\xc4\x10\xaf\
\xa3/\xe5\x9fGj\x04%G\x8e\x92Gj\x9f\x0b0\
,\x86x\xd5\xf6\xd9N\x91\xc1^5\x82\x92#G\xc9\
#\xc5/\x9eu\x17\x99{\xde\xc8\x0f\xb5b\x95\xef\xc9\
\x91\xa1\xe4\x91\xe2_\x88\xb5\xbc\xfeg\xe1q\xe7\x86e\
\xfe\xbb\x82\x0c%\x8f\xd4\xb8\x0b0\x22\x86x\xb5\x86\x97\
A\xc8Q\xf2H\x8d\xb9\x00\x1db\x88\xbd\x92\xcfQr\
d(y\xa4\xb8\xa0E\xc9\xbfrw\x05\x19J\x1e\xa9\
\x8a\x0bpS\x0c\xb1W\xf2\x87\x94\x1c\x19J\x1e\xa9[\
\xdc'7_rG\xc9\xb1\x81\x92\xc7\xaa\x9b\xf57J\
\xce\xd2\x046P\xf2XM\xb8\x00\xddb\xc8_\xf6\xee\
\xa6%\xca(\x0c\xe3\xf8}.\x04\x89\x98U\x22%\x82\
Q\x18\xf8\x82\x1b\xb5dh\xd125i\x91\x84F\x10\
\xd80\x1b\xbf\x80-\x86DP|\x03k\xd3\xe7m\x95\
3B\xf0\xdc\xcbs\xb8\xfe\xbf\x0f\xf1\xdf<\xf7s.\
\xbb\x92\xb3\xc8\x8c1J\xde\xa8\x05%|\x0e#v%\
\x1f*\xe1\xac\x00\x94\xbc^SJx\x11F(\xf9\xff\
\x8c\x0a@\xc9\xeb\xb5\xae\x84Oa\xc4\xae\xe4\x87J8\
.\x00%\xaf\xd7\x86\x12\xbe\x87\x11\xbb\x92\x0f(9\xee\
Q\xf2V)a/\x8c\xd8\x95\xfcX\x09\x83\x02P\xf2\
\x8a-\xa9\xdbb\x18\xb1+\xf9H\x09\xbb\x05\xa0\xe4\x15\
\xdbV\xb7\x9d0bW\xf2K%\x0c\x0b@\xc9+\xb6\
\xa2nsa\xc4\xae\xe4?\x950]\x00J^\xb1y\
u{\x1bF\xecJ~\xa7\x84\x02P\xf2\x9a-\xab\xdb\
R\x18\xb1+\xf9/u\xbb(\x00%\xaf\xd9&\x93\xcc\
\xe6%\xbfV\xb7\xdb\x02P\xf2\x9a}U\xc2\xbb\xf0a\
W\xf2[u\xbb)\x00%\xaf\xd9\xbe\x12\xa6\xc2\x87]\
\xc9O\x98\xd6\xc7=J\xde\xaa\xbe\x12\x16\xc2\x87]\xc9\
\xc5\xf8\x1b\xfe\xa1\xe4\xcd\x9aQB?|\xb8\x95|\x97\
Gm1F\xc9[5\xc5\xc3+\xde%\x1f\xf0\x14\x22\
\xc6(y\xabV\x95\xf0<|\xb8\x95|\xc4\x03Z\x18\
\xa3\xe4\xcd\xea\xa9\xdb\xd3\xf0\xe1V\xf2+%\x1c\x16\x80\
\x92Wm\x9b\x9f<\xadK~\xc7\x03Z\x18\xa3\xe4\xcd\
\x9aS\xb7\xde\xe3\xb0\xe1V\xf2\x1b~\xd6\xc7\x18%o\
\xd6\xb2\x12^\x87\x0d\xb7\x92\x9f\xaa\xdbi\x01(y\xdd\
\x0e\x94\xf0(l\xb8\x95\xfcH\xdd\xae\x0b@\xc9\xeb\xf6\
A\x09\xef\xc3\x86Y\xc9w\x95pW\x00J^\xb77\
J\xd8\x0a\x1bf%\x1f(\xe1\xaa\x00\x94\xbcnkb\
\xff\xcd\xb8\xe4#~\x0c\xc2\x04J\xde\xac\x0d%\xcc\x87\
\x0d\xb3\x92_\xb1\xc7\x8c\x09\x94\xbc]\xb3lM\x18\x97\
\xfc\x0f\xe7\xe4\x98@\xc9\xdb\xf5C\x09\xeb\xe1\xc2\xac\xe4\
\xe7\xeavT\x00J^\xbbE%\xcc\x84\x0b\xaf\x92O\
+\xe1\xbc\x00\x94\xbcv[J\xd8\x0f\x17^%\x1f\x88\
\xc5 L\xa0\xe4\xed\xeas\xbc\xe2[\xf2\x11;\x13\x98\
D\xc9\xdb\xf5J\x09+\xe1\xc2\xab\xe4_8B\xc4$\
J\xde\xaeU%\xf4l\xe6\xf5\xbdJ~\xcd\x11\x22&\
Q\xf2\x86\xcd2\xcal[\xf2\x0b%\x0c\x0b@\xc9\xab\
\xf7M\x09\x1f\xc3\x84U\xc9\x87J8)\x00%\xaf\xdf\
\x9e\x12^\x86\x09\xab\x92\x1f\x8b\x97\x101\x89\x927\xac\
\xaf\x84\x9d0aU\xf2KNW\xf0\x00%o\xd8\x9a\
\x12f\xc3\x84U\xc9\x7f+\xe1\xac\x00\x94\xbc~\xcfz\
\xcc\x06\x99\x96\xfc\x94\xd3\x15<@\xc9[\xf6\x84O\x9e\
\x9e%\x1f\x8a\xd3\x15<@\xc9[\xb6\xa9\x84\x83\xf0\xe0\
T\xf2\xbf\xec\xddMK\xd4Q\x14\xc7\xf1{\x7f\x04R\
1\x90\x08\xe2\xa2P\x10\xc4\x0c\xdc\x8c\x0f\xa1\x09\xe2J\
\xb1\x88 -\xc7 \x98D\x17\xff\xa5\x9b\xd9\x842\x83\
\xe2\x13\xa4\x22\xbe\xde\xa0]\xa3\x8b3\xe3f\xce=\xdf\
\xcf\x8b\xf8.\xee\xbd\xe7\xdcC\xf1\x89'\xfeC\xc9=\
\xfb\xc5\x94g\xcc\x927dp\x9f\x01J\xee\xc1\xb6\x0c\
js)\x84H%?\x90\xc1Y\x06(\xb9\x07u\xb1\
\xd86b\xc9\x87\x9a2\xa82@\xc9]\xf8\xc2\xaf\xcc\
\x11K^q\xe1\x89.\x94\xdc\xb55\x19\x8c\xa5\x10\x02\
\x95\xfc\x9co&\xd0\x85\x92\xbb\xf6Q\x06\xc3/S\x04\
\x81J~\xc9\x85'\xbaPr\xd7\xa6d\xb1\x95\x22\x08\
T\xf2S.<\xd1\x85\x92\xbbf\x9b\xf2\xdcM\x11\xc4\
)\xf9\x8e\xb8\xf0D\x17J\xee\xdb\xb4\x0cfR\x04q\
J\xde\x96As(\x03\x94\xdc\x89\x1f2\x18\x0e\xf1o\
P\x9c\x92_\xca\xe0 \x03\x94\xdc\x8b%Y<O\x01\
\xc4)yG\x06G\x19\xa0\xe4^\xac\x88\xdf&\xa2\x95\
\xbc\x92\xc5a\x06(\xb9\x1b\xa3\xac^\x89V\xf2\x06s\
Ax\x80\x92;7/\x8bz*_\x98\x92\x9f\xc8\xe0\
*\x03\x94\xdc\x8feY\xac\xa7\xf2E)\xf9\xa6,\xee\
2@\xc9\xfdX\x91\xc5Z*_\x94\x92\xb7e\xf1;\
\x03\x94\xdc\x91\x0d\x19\xbc\x0d0\xb0\x1f\xa5\xe4\xd7\xb2\xd8\
\xcc\x00%wdB\x16\xe3\xa9xQJ\xdea}\x16\
\x1e\xa2\xe4\xde-\xf1\x0e1T\xc9+Y42@\xc9\
=\xa9\x8bw\x88\x91J\xde\xe059\x1eA\xc9\xdd\x1b\
\x91\xc5\x8bT\xba %?f\xe9\x0a\x1eA\xc9\xdd\xfb\
.>\x0e\x8aS\xf2=Y\x5cd\x80\x92\xfb\xb2\xc8\xf1\
J\xa0\x927dq\x9e\x01J\xee\xcb\x5cM\x16\xcfR\
\xe1b\x94\xbc%\x8b\xbd\x0cPrg\xc68^\x09S\
\xf2J\x16\xad\x0cProve1\x92\x0a\x17\xa2\xe4\
w\xb2\xb8\xc9\x00%\xf7fA&\xb3\xa9l!J\xde\
b\xe9\x0a\x1eE\xc9\x0b\xf0N\x16\xdfR\xd9\x22\x94\xbc\
\x92\xcd-\x07\xe5\xa0\xe4\xeeL\xca\xe2C*[\x84\x92\
\xff\x91\xd5=\x8bW@\xc9\x9d\x99\x92\xc9V*Z\x84\
\x92\xb7d\xd69b:\x08\x94\xdc\x97W\xb2\xf8\x94\x8a\
\x16\xa0\xe4\x95zq\xccf[PrW&d1Z\
\xf6j\xdb\x00%\xbfWo\x0e8.\x07%wdY\
&\x8b\xa9d\xe5\x97|\xbf\xa9^\xdd\xf0\x9d'(\xb9\
\x13s\x935\x99\xfcL%+\xbf\xe4g\xea\xdd)\x83\
\xfb\xa0\xe4.\xac\x8f\xca\xa8\xb6\x90\x0aV~\xc9O\xd4\
\x8f\x136\xdc\x82\x92\x0f\xbc\xf1i\xfd\xc3\xc4~\xf1%\
\xaf\xd4\xa7\x8b\x9d\x0cP\xf2\x01V\x9fW/6J\xbe\
\xf3,\xbe\xe47\xeaW\xf3\x8e\xe3rP\xf2\x81\xf5\xe6\
\xfd\xb0z\xb3\x9d\xcaUz\xc9\xf7;\xea_\xab\x9d\x01\
J>\x90>o\xa8W3\xa9\x5c\xa5\x97\xbc\xad'\xb9\
\xaa2@\xc9\x07\xce\xeck\xf5\xae\xb6\x9a\x8aUz\xc9\
o\xf5D\xd7\x0c\xf0\x83\x92\x0f\x98\xd5\x89\x9a\xfa\xf15\
\x15\xab\xf0\x92\xef\xe9\xc9\x9a\x0c\xf0\xffe\xefnZ\xa2\
\x8c\xc20\x8e\x9fs\xd1\xa6\x97\x814\x90\xa6t%)\
\x96\xb8\x89^\xe8\x05\x22\x08\x8a\xa2\x08C\xb2\x04a\x12\
]\xb4p\xe1f\x08BQ\x14\x1d\x83Q\x08?o\xdb\
F\xcbY\xf8\xdc\xe7q.\xff\xbf\x0f\xf1\xe7\xf0<\xe7\
\xdc7(\xf9y\xd2\xfc4\xa4\x13.\xfa\x18-\xf3\x92\
wU\x816\x0f\xf8A\xc9\xcf\x8dG\xab\xfa\x87\x8b\xfe\
\xce\xd3\xbb\xe4}\xffw2\xef\x16\x94|\xa0\x5c\xba\xa9\
3\xf8\x91\x5cy\x97|]}0\xef\x16\x94|\x80L\
.4t&\x13\xc9\x94w\xc9\xdb\xaa\xcc\xd6z\x06(\
y\x9d\xae\xde\xbe\xa63z\x99LY\x97|S}0\
\xef\x16\x94|`\xbc\xbf\xa73k<O\x9e\xacK\xbe\
\xadju\xf8\x5c\x0eJ^\x93\xe7wU\x85\xcf\xc9\x93\
s\xc9\xd7T\xb9.\x0f\xf8A\xc9k06\xfeJ\x95\
\x18\x9aL\x96\x9cK\xbe\xa2\xea\xed\xecf\x80\x92\x17\xf6\
dD\xa7b\x22\xa2q\xc9\x97\xd4\x0f\xf3nA\xc9\x07\
\xc0\xc4-Ug\xa4\x99\x1c\x19\x97\xfc@A\xba\x19\xa0\
\xe4\xa5\xdc\xbf\xa3J=M\x8e|K\xfe\xb6\xa5 \x1c\
\xcaA\xc9Ki>\x1eR\xb5V-\xc7\x94\xfb\x96\xbc\
\xab \xfb\x19\xa0\xe4e|x\xa3\xca\xbdN\x86lK\
\x1ev$o\xb1K\x08\x94\xbc\x8c\x99Q\x05x\xe6\xf8\
\xa5\xdc\xb6\xe4\x87\x0a\xf2;\x03\x94\xbc\x80\xe9\xe1\x86B\
\xcc&?\xae%\x9fo)F\x9b\x1b\xe5\xa0\xe4EL\
(\xc8G\xc3C\xb9k\xc9\x8f\x14\x84\x85p\xa0\xe4\x85\
<P\x90\xaf\xc9\x8ei\xc9\xe7\x15\xe4W\x06(y\x19\
\xf7\x87\x14cd,\xb91-\xf9\x81\x82\xb0\xd7\x13\x94\
\xbc\x98\xc7\x0a\xf2.\xb9\xf1,\xf9\x92\x82\x1cd\x80\x92\
\x97\xd2|\xa3\x18\xd7\xed\x0e\xe5\x9e%\xdfW\x8c\x16\xfb\
&@\xc9\x0b\xfa\xa0 \xdf\x92\x19\xcb\x92/)\x08\xdb\
&@\xc9\x8b\x1aU\x8c)\xb7\x91\x88\x96%\xef(F\
\x9b-\xfb\xa0\xe4E\xcd4t\x02s\xca/H\xc9\xd7\
\x14\x84\xa5A\xa0\xe4\x85\x0d+F\xe3R\xb2\xe2X\xf2\
m\xc5X\xc9\x00%/kzJ1\x16\x93\x15\xc3\x92\
\xef)\x08\xbb\xdf@\xc9\x8b{\xa7 s\xc9\x89_\xc9\
\x97w\x14\xe3(\x03\x94\xbc\xb4\xe6\x0d\xc5X\xb5z\xb3\
\xefW\xf2\xaeblq\x03\x11\x94\xbc\x06s\xea\xc1\xf3\
\xa0\x8bQ\xf2%\x05\xd9\xcb\x00%\xaf\xc1\xa2bLM\
'\x1fv%\xef(\xc6F\x06(y\x1d\xae4\x14c\
8\xf9p+\xf9\x9a\x8ea\xe5\x1b\xfe\x8f\x92\x0f\x84\x05\
\xc5h\xcc$\x1bn%\xdfP\x8cN\x06(y=&\
\xaf)\xc6h\xb2aV\xf2u\xf5\xe0\x06\x22NE\xc9\
\x07\xc3\xac\x8ea{\x90w\xc9\xc36\x05u3@\xc9\
\xebr\xf5\x9ebL\xbdH&\xbcJ\xdeQ\x8c\x1dV\
\xbe\x81\x92\xd7\xe8\xbd\x82\xdcM&\xacJ\xbe\xa9 \xbb\
\x19\xa0\xe45z\xa9 \x8f\x92\x07\xa7\x92\xbf\xdd\xd1\xdf\
X\xf9\x86~(\xf9\xa0x\xf8J1FL\xc6\xdb:\
\x95\xfc@=\xb8\x81\x88~(\xf9\xc0\x18W/.\x95\
\xdb\x96\xfc\xa7\x82\xecg\x80\x92\xd7k\xec\xa3\x82\x5cN\
\x0e|J\xbe\xdcV\x8c\xd6|\x06(y\xcd\x9e\xa8\x07\
\x93\xb4\x5cK~\xa8 _2@\xc9kwKA\xc6\
\x93\x01\x9b\x92\x7fW\x9067\x10\xf1\x87\xbd;zi\
2\x8c\xa38\xfe<\x07a\xa4\x8dXJ\xe8\x85)A\
\xe6\x22\xbc1\x12\xcc@\x04\xa1\x1c\x11\x91V\xe6\x9d\x8e\
\xed\xc2\x8b.\xbc\x91p8\x94\x0d\xa7\x83\xdc\x08\xff\xde\
\xae\xdb&\xac\x8b\xa3\xcfyw>\x7f\xc4\xf7\xe6\xfd\xbd\
\xcfq\xc9\x13\xb0\x00\x92\xfcB\xd0\x97\x95\x92\xe7\x1a \
9\x8bf.y\x02\x9e\x83\xe4\xe7l\x90\x97\x95\x92\xdf\
\x80\xa4\x1b\xcd\x5c\xf2\x14,\x17@2\x1f\xe4e\xa4\xe4\
5\xb0\x1cF3\x97<\x09\x07`y\x16\xd4e\xa3\xe4\
\xa5&H\xae\xa3\x99K\x9e\x86\x995\x90\x14\x97\x83\xb8\
l\x94\xfc\x12\xff\xf2\xe4\x9b\x0d\xc5%\xd7\xb2\x02\x96\x93\
 .\x13%o\x81\xe54\x9a\xb9\xe4\xc98\x01\xcbv\
\xd0\x96\x85\x92\x97\xf7AR\xcfE3\x97<\x19Ky\
\xf4\xf1~PFJ\x9ek\x80\xa5\x16\xcd\x5c\xf2\x84<\
\x06\xcb\xa4\xf6)b\x06J\xde\x01K5\x9a\xb9\xe4)\
yUD\x1f?\xa5\x95\x89\x92\xd7\xd0\xc3\x93o6,\
\x97\x5c\xceS\xd0\xbc\x0f\xc2\xe4K\xbe\xdb\x04K'\x9a\
\xb9\xe4i\x99\x98\x04\xcb\xe6N\xd0\xa5^\xf2\x5c\x1b,\
\xe7~p\xc5\x5c\xf2\xe4<\x02\xcd\x9a\xf0\xea\x84z\xc9\
\xafA\xd3\x8af.yr\xb6@3=\x11T\x89\x97\
\xbc\x05\x9aF4s\xc9\xd33\x9eG\x0f?p\xab^\
\xf2\xc3}\x0c\xe4\xc97\x1b\x8aK\xae\xe8#zy\xa0\
Y\xbb\xe4\xa5c\xd0\x5cF3\x97<E\xaf\x9f\x80\xa6\
8\x1e4I\x97\xbc\x8a~\x9e|\xb3\xe1\xb9\xe4\x92\xbe\
\xa0\xcf\xc8\xff \xa4\x5c\xf2\x0ex~G3\x97<Q\
\x8b\xe0\xd9\x08\x92\x84K~\x06\x9e\xa6/\x10\xcd%O\
\xd6\x1cz\x8d\xfcWO\xdd\x92\x1f\xee\x83\xe7\x22\x9a\xb9\
\xe4\xc9\xda\x00\xd1\xdb H\xb6\xe4\xbbM\xf0\xb4\xa3\x99\
K\x9e\xae7\x05\xf0\xe4\xa7\x82\x1e\xd5\x92W\xea\x18\xc4\
\x93o\xf6?\x5crU\xdf@T\x1c\x0brDK\x9e\
\xeb\x82\xe8*\x9a\xb9\xe4)\x9b\xfd\x0c\xa2\x0f\xebA\x8d\
h\xc9\xaf\xd0\xcb\x17\x88v\xef\x5c\xf2\xbb\xb3\x0a\xa6E\
\xb9[D\xcd\x92\xff\x01\xd3\x8fh\xe6\x92'\xee\x17\x98\
\xb6\xd4^`\x91,\xf9\x05\x98\x8e=\xf9f.y\xf2\
v0\xc8\xc8\xeeN(\x96\xfc\x08Tg\xd1\xcc%O\
\xde<\xa8\x0e\x82\x14\xc1\x92\x97\xcf\xc1\xd4\x8df.y\
\xfa\xd6\x0b\xa0\xda\x0bJ\xf4J^nb\x00_ \xda\
\xfds\xc9\xef\xd46n5zkpr%\xdf=\x06\
\xd5M4s\xc9\x15\xcc\xac\x81*\xff)\xe8P+y\
\x89\x1c\xf2\xf3R4s\xc9%\xac\x80+\xff5\xc8\x10\
+y\xa9\x0e\xae\xd3h\xe6\x92\x8b\x98\x06\xd7\xa6\xce\x7f\
\xfbZ%\xaf4\xc0U\xf7\x05\xa2\xb9\xe42\xc6\xf2\xe0\
*\xcc\x05\x11R%\xaf\xb4AV\x8bf.\xb9\x8c\xef\
 +\xee\x04\x0dJ%\xcfuAV\x8df.\xb9\x8e\
\x17E\x90=\x5c\x0a\x12\x84J\x9e\xab\x82\xad\x1c\xcd\x5c\
r!{`+.\x04\x05:%\xaf\xf0C\xde\x89f\
.\xb9\x92\x89I\xb0\x15\x1e\x04\x012%\xaftq+\
O\xbeY\x12\x5c\xf2\xbb7\x05\xba\x82\xc2\x05\x8bJ\xc9\
Km\xd0\xb5\xa2\x99K.\xe6%\xe86WB\xf2D\
J^j\x80\xae\x11\xcd\x5cr5\xef6A\x97_\x0d\
\xa9\xd3(\xf9n\x1d|G\xd1\xcc%\xff\xcb\xde\xbd\xb4\
\xb4\x15\x84a\x1c\x9fy\x10\x04\xedY\xa4-\xa1\x17\xa5\
R\xa11\xb6t\xa3VQ\x0bR\x10\x94X\x8b\xd8[\
T(\x9c\x86\xb8\xc8\xc2E6iA\x0c\x06\x83\xc6\x80\
\x17\xa4\x9f\xb7\xa5-\xc5\xe2I\x9c3\xa3'\xef\x19\x9e\
\xdf^\xdd\xfd\x113\xbeO\xea\x8c\xe2\xf6\x05\xebJ\xb8\
T\x94\xbcX\xc3\xedki\x22\x96<}&\xb3H\xc0\
\x8a\x92-\x0d%\xefv\xfd\x90\x93o$\x07K\xde\x13\
KH\xc2\x8c\x12-\x05%\xaf4\x90\x80\x0bM\xc4\x92\
\xa7\xd2\x18\x920\x22z\x10N~\xc9wCt\xc6\x17\
\x88$\x08K\xde\x1bO\x90\x88\x07\x93J.\xf1%\xdf\
C\x22\x0e5\x11K\x9eRSH\xc4\xf3\x09%\x96\xf4\
\x92\x9f!\x11mM\xc4\x92\xa7\xd5D\x06\x89X\x93{\
\x84Ev\xc9\xcb-t\xc5\xc97\x92\x84%\xef\x95\x19\
$##v{Bt\xc9\x0bm$\xe3T\x13\xb1\xe4\
\xe95\xbc\x8cd\x04\x8f\x95L\x92K^\xaa!\x19!\
'\xdf\x88%O\xb5wH\xca[%\x92\xe0\x92W\x1b\
H\xc8\x86&b\xc9Sm\x08I\x19\xcf)\x81\xe4\x96\
\xfc(Dl\xcdcX\xa8q\xf2\x8dX\xf2\x94{\x19\
 );}J\x1e\xa9%\xef?E|\x8d\x8a\xae\x9c\
#\xb6}M\xc4\x92\xa7\xdc\x08\x12\x93\x11xPKh\
\xc9\x8bm\xc4\x17V\xf5/\xfb5\xc4s\xae\x89X\xf2\
\xb4{\x91Gr\xb6\xc4\xfd\xbf\xa7\xcc\x92\xef6\x1c\xe6\
\x94\xcb\x1b!'\xdf\xc8\x08K\xee\x91\x15$hhA\
\xc9\x22\xb2\xe4\x1b\x00\x5c\xfeHR<\x86\xb9\x1f\x9a\x88\
%O\xbf\x87;\xb0\xb13\x1a\xc0\xc2\x9a\xb0yO\x81\
%/\xb7\xdc\x17\x7f\xaam\x18j\xf0\x05\x22\xb1\xe4^\
\xf8\x88\xf82\xef\x1f\xaa9\xd8\x086\x95$\xf2J^\
\xaa\xc3\xc6\x9e\xfe\xdfa\xd3\xf4\xeb\x88Xr/|A\
\x5c#\x0b\xea\x979X\x99\x92\xf4\x1cQ\x5c\xc9\x0f\xc3\
\x1b:J[\xbe0\xf9NuM\xc4\x92\xfb\xa1/@\
,\xdf>\xa8?\xd6aeY\xd0\xea\xbe\xb0\x92\x97\x8f\
a\xe5DG(\xb6L>%%b\xc9=\xb1\x85\x18\
\xd6f\xd5?\x8fa%\x18\x15\xf3\x86EV\xc9\xab\xb5\
\x9b\x9d\x89\xa8\x1ep\xf2\x8d\xbaa\xc9\xbd\x92\xbb\x03S\
\x99O\xc3\xea\x92M\xd8\x19\x1bP2H*y\xff\xc9\
\xcd\xef\xfd\x1c5\xf8\x02\x91:c\xc9\xfd\xf2\x18\x86\xa6\
&n\xe8\x0dcfN\x89 \xa8\xe4\xa5\x83\xdb8\x9b\
R8Cg'\x9a\x88%\xf7\xc7\xe0s\x98\x18{\xa2\
\xaeXI\xf7\x1d\x169%?\x0a\x9dC\x1e\xad\xb4\xcd\
\xc97\x8a\xc6\x92\xfbf\x15\xd7\xcb.\xa9(\xeb\x01\xec\
\xac\xddW\xbd'\xa5\xe4\x85\xd6-\x1e2\xdc\xads\xf2\
\x8d\x22\xb1\xe4\xbe\x19\xbf\xfeS\xcaI\x15m6\x80\xa5\
\xbb\xbd\xff\xb5\x5cH\xc9\xf7\x9b\xb0\xb4\xa7\x0d\xf4\xef5\
p\xd5\x81&b\xc9\xfd\xf2j\x11]\x8d\xbfV\x1dM\
/\xc2RvZ\xc5\xe6a\xc9\x8b\xdb\xb0u\xa4\xcd\x14\
NqEU\x13\xb1\xe4\x9e\x19E\x17\xf7\xee\xabnV\
3\xb05\xbe\xa0b\xf2\xaf\xe4{!,\x85\xfb\xdaX\
\xa5\x8d\xff\x1dk\x22\x96\xdc7\xc3Yt\x92\xdf\x1cT\
\xdd=\xcb\xc3V~]\xc5\xe3[\xc9Km\xd8\x0a\xab\
\xda\xd4\xd5{\xb7aQ\x13\xb1\xe4\xde\x99E\xb4\xe0s\
\xce`\xb0\x22\x0bkC\x03*\x06\xcfJ\xde\x7f\x01k\
\xcd\x8a\x8e\xa7\xbc\x11r\xf2\x8d.c\xc9=\xf4\x08Q\
\x1e\xf4)\x13\x03\xcb\xb0\xb6\xf8uP\x19\xf3\xab\xe4\xd5\
:\xac\xd5J\xdaT\xc4\xbd\xdb\x1a_ \x92f\xc9}\
\xf4\x0cW\xcdO+C\x0bc\xb0w\xef\xbe2\xe6Q\
\xc9\x0b\xa7\xb0W/j\x1b\xd5\x03N\xbe\xd1?,\xb9\
\x8f\xa6\xa2n\xd7\x1a\x1b\xfe\x02\x07\xe3\x03\xca\x8c?%\
\x8fz\x1ah\xae]\xd0\x96\x0e\x9b\x9c|\xa3\xbfXr\
\x1fMd\x22n\xd7\x9a\x1b\x1c\x81\xb1\xe8\xf7\xea&\xbc\
)\xf9n\x1d\x0eZem\xad|\x02T4\x91f\xc9\
\xfd\xf4\x15\x97|\xff\xa0\xe2\x9a\x81\x8b\xec\xba2\xe0I\
\xc9K\xdbpq\xe6\xf8\xd3\xb9/A\xbf\xb1\xe4^z\
8\x1fy\xbb\xd6\xdcl\x00\x17\xcfM\x0e\x97\xfbP\xf2\
\xc2\x0f89\xd2D\xf2\xb0\xe4R<\x8d\xbe]kn\
5\x0f'o^\xa9\xeb\xa4\xbf\xe4n\x7f \x07\x1a\xfc\
\xe7L\x12\x89%\x17c\xc8\xb5\xa7}\xf3p\x12|\x9e\
P]\xa5\xbf\xe4\x8758\xa9\xf1\xa88\xc9\xc4\x92\x8b\
\xf12\x88\xbe]k.\xf7\x00n\x16\xb7\x16T\x17i\
/\xf9~\x1dn\xce9\x86OB\xb1\xe4r\xdc\xcd\xce\
)7\x83[p\x94\x19}\xa1:Jw\xc9w\x0f\xe0\
\xe8\xb8_\x13\xc9\xc4\x92\xcb\x91\x9bT\xce\x96\x16\x9d[\
\xfe)\xa7:Iq\xc9\xdd;\x0e>:!\xb9Xr\
\xcf<[\x83\xab\xfc\xcc\xa4\x8a\x94\xde\x92W\xdbp\xd5\
\xe4g\x9d$\x18K\xee\x9b\x9f\xec\xdd\xdfkRa\x18\
\xc0q{\x10\xa2l\xd4I\x89\xac\xac(\xaa\xa9\xd1M\
\xb9F?@\x06\xc2jV\x17c\xbaiW'Y\x17\
^zc\x91(\x1b\x86\xbf@\x1b2\xe8\xbfm\xb4~\
\xb7\x8b\xc8\xf7\xb8\xf3>\xef\xf7\xf3G|yy\xcf\xfb\
<'\xff^fv\xa6|\xe4\x1d\x8b\xad%o\xed\xc9\
\xccF\xac/D\x98Qru\x92\xd7ev\x85\xf3G\
\x8c\xf0[Y\xf2\xed~Gf7\xe1\x8a\x1c\xa1F\xc9\
\x15Z\xf5\xc4\x80\xcc_\xb3B\x16\x96|\xad\xb2+\xb3\
\xf3\x19\x07B\xc8Qr\x8d\xa2q1a\xf1U,\xf2\
\x0b\xfbJ^\xdb\xf7\xc5\x80&\x9bR\x10v\x94\x5c\xa5\
TN\x8cxV|\x10\xf9\xc9\xb2\x927\x06b\xc4\x80\
W\xe4\x08=J\xae\xd4cO\x8c\xf0\xceoD\xbe\xb3\
\xa9\xe4\xdb\xfd\xae\x18\xe1\xf3\xf8\x10\x16\xa0\xe4ZE\xe3\
bH\xf6\xf2\xe1\x0bs\x8bJ^\x9f\xf8bF\x87\x9b\
\x15\xd8\x80\x92\xab\x95\xca\x89)\xde\xadk\x91\x03\x96\x94\
|\xad\xdd\x11S&\xfc\xa8\x0dV\xa0\xe4\x8a=J\x8b\
1\xf1\xabw\xec(yc\xe8\x8b)~\xef\x04`\x05\
J\xae\xd9\xd2\x071\xa7\xb0r#\x15\xf6\x92\xd7*M\
1g\xc4\xe6C\xd8\x82\x92\xebV,\x88A^\xeea\
2\xbc%\xaf\xb5;b\xd2\x94i X\x83\x92+w\
/+F\xa5o\x95\x92a,\xf9V\xbb+\x87\xf8\xd4\
\x09\x07Qr\xed\x92/\x16\xc4\xac\xf4\xf5\xb3\xb1p\x95\
\xdcx\xc6E\xc6\x1c\xc8a\x13J\xae\xdf\xa9gbZ\
ze\xf5~XJ^\xaft\xc5\xb4\x0e\x8b\x0fa\x17\
J\xee\x80\xd4\xeb\x051/{\xf3e\xf2\xb8K\xbe\xd5\
\x1b\xee\x8ay\xfb\xbc=\x84e(\xb9\x13ng%\x08\
^f}\xe9\xd8J~\xb21\xedH\x10\x9a\x1c\xc8a\
\x1dJ\xee\x86\xe4rA\x82\x11\xdf|\xf4t\xee%?\
Yo\x0f|\x09\xc6\x98\x039\xecC\xc9]\x11}/\
\x81\xb9\xb0R\xdd\x88\xcd\xab\xe4k\xad\xe9\x9e\xfc\x8e7\
\xe4p\x1d%wG\xd5\x93\x00y\x17\xcb\x89;A\x97\
|k\xe7SG\x02\xb4\xcb\x22r\xd8\x89\x92;\xe4~\
F\x02\xf6$S~\x15\x8d\x05Q\xf2\xedzo\xbc\xe7\
K\xb0\x86\xec\xaf\x85\xa5(\xb9S\x12q\x09^a\xf1\
V1\x917V\xf2\x93\xb5Ve\xd8\x94\xe05['\
\x00KQr\xb7\xc4\x8a\x9e\xcc\x87\x97\xcd\xbc\xa8\x96\xa2\
\x0f\xfe\xbf\xe4k\xb5V\x7f<\xe8\xc8|\xf8\x15f\x81\
`/J\xee\x9a|N\xe6*\xbd\x98\xbbY}\x94\xd8\
XJ\xfd[\xc9\xb7\xb7j\x8dV\x7f:\xec\xfa2O\
C\xfe\x9d\x0f\x9bQr\xf7\x5c\xcb\xca\xb1X\xb8\x90\xfd\
\xb0\xb2ys\xf9M\xb1\xba\xbe\xfa\xeaa\xe9s\xed@\
\xbd\xdeh\xb4Z;\xbd^\xbf=\x9e\xbc\xed\xee\xca\xb1\
\x18\xb1d\x05v\xa3\xe4\x0e\x8a\xad\x9f\x13\xfc\xf4\x915\
\xe4\xb0\x1d%w\xd2\x83\xb2'8\xe4O\x19\x05\x82\xf5\
(\xb9\xa3\xf2\xe7\x17\x04\x5c\x90C\x09J\xee\xac\xd3\x19\
\xc1\x80\x91N\xa8@\xc9\x1dv\xfb\x8a\xb8\xed-\x1f:\
\xa1\x04%wZiQ\xdc5b\xe7!\xd4\xa0\xe4\x8e\
{\xe8j\xcb\xbbLtB\x11J\xee<'\xcf\xe5t\
\x1c\xbaPrD\xce^\x12\xb7\xecq\xaf\x02e(9\
\x0e$\xde\x89;\xf8\xce\x09}(9\xbe:\xe5\xca\x9b\
\xc4!\x1d\x87B\x94\x1c\xdf\x9c\xde\xd4?\xf7\xe9\xef\xf3\
~\x1c*Qr\xfcpw\xf9\x82h\xd6l\xf3'\x09\
(E\xc9\xf1\x8b\xe4jV\xb4\x1a\xed\x9c\x00\xb4\xa2\xe4\
\xf8]\x22\xa3q!\x8b?\xe1z\x1c\x9aQr\xfc)\
\xbf\xfcLt\xf9X\xe1Z\x05\xbaQr\xfc-Vz\
\xae\xe8`>`\x0a\x08\xeaQr\x1ci\xa9\xac\xe3\xeb\
\xe7\x17\xf6\xeeX\xa5\x81 \x08\xc00\x1e\x82\xa8\x9dV\
*Vb\xa1\x85\x8d\x11\x1b+A\x10AA\x88\x08\xa6\
\x8b\xa5\xa5\x8dE A\x9b\xc4\x04\x04\xf1\x81\x85\xf4\xd1\
\x9b(d\x8e\xfd\xbe\x87\xf89\xe6fw\x07\xferR\
\x02%g\xe6\x87\xf9\xf9E\xd5l\xa6\xe3\x94B\xc9\x99\
\xadu\xd9\xab\x9a\xebs\xe81 J\xa1\xe4\xfc\xe8\xb8\
\xdd\xcc\xbd\xc4\xc9\xc8[@\x14D\xc9\xf9\xcd\xd1u\xd3\
vY\x06}\x19\xa7,JN\x0dw\xf7\x9bUS\x0c\
\x1e\x9c\xc8\xa78JN=\xcb\xed&\xdcc>\xe9\xcb\
8%Rrj;\xee\xf42\xaf\x99w\xc7\xaf6\x0e\
)\x94\x92\x13\xd1:\xdd8\xab2z\xf9x^Y\x82\
R)9Qk\x9d\xc3\x5c\xf7\xdf\xbe\x8d\x87f*\x94\
M\xc9\x99\xc3\xd6\xcd\xdev\x8eAK\xf7}\xa4\xe2\xa0\
\xe4\xcciw\xf5\xf1\xea\xa0Z\xac\xaf'#\x15Pr\
\xfef\xfdh\xe7\xe4\xb6Z\x1ck\xe3\xa0\xe4\xfc\x8b\xfd\
\xaa.%\x87)%'\x9d\x8d\xaa.%\x87)%'\
\x1d%\x87 %'\x1d%\x87 %'\x1d%\x87 \
%'\x1d%\x87 %'\x1d%\x87 %'\x1d%\
\x87 %'\x1d%\x87 %'\x1d%\x87 %'\
\x1d%\x87 %'\x1d%\x87 %'\x1d%\x87 \
%'\x1d%\x87 %'\x1d%\x87 %'\x1d%\
\x87 %'\x1d%\x87 %'\x1d%\x87 %'\
\x1d%\x87 %'\x1d%\x87 %'\x1d%\x87 \
%'\x1d%\x87 %'\x1d%\x87 %'\x1d%\
\x87 %'\x1d%\x87 %'\x1d%\x87 %'\
\x1d%\x87 %'\x1d%\x87 %'\x1d%\xe7\x9b\
\x9d:(B\x18\x00`\x00v\xfb\xa0\x03\x1dHA\x00\
\x9a\x90;\x0d\xdd\x1ek\xef\x12\x11!dr\xea\x98\x1c\
B&\xa7\x8e\xc9!dr\xea\x98\x1cB&\xa7\x8e\xc9\
!dr\xea\x98\x1cB&\xa7\x8e\xc9!dr\xea\x98\
\x1cB&\xa7\x8e\xc9!dr\xea\x98\x1cB&\xa7\x8e\
\xc9!dr\xea\x98\x1cB&\xa7\x8e\xc9!dr\xea\
\x98\x1cB&\xa7\x8e\xc9!dr\xea\x98\x1cB&\xa7\
\x8e\xc9!dr\xea\x98\x1cB&\xa7\xce\xe7}\xcd\xff\
{\xdb\xef\x00L\xce\x83^\x07`r\xb6\x99\x1cL\xce\
:\x93\x83\xc9Ygr09\xebL\x0e&g\x9d\xc9\
\xc1\xe4\xac39\x98\x9cu&\x07\x93\xb3\xce\xe4`r\
\xd6\x99\x1cL\xce:\x93\x83\xc9Ygr09\xebL\
\x0e&g\x9d\xc9\xc1\xe4\xac39\x98\x9cu&\x07\x93\
\xb3\xce\xe4`r\xd6\x99\x1cL\xce:\x93\x83\xc9Yg\
r09\xebL\x0e&g\x9d\xc9\xc1\xe4\xac39\x9c\
\xec\xd4\x01\x09\x00\x00\x00\x80\xa0\xff\xaf\xdb\x11\xe8\x08M\
\xce\x9d\xc9\xc1\xe4\xdc\x99\x1cL\xce\x9d\xc9\xc1\xe4\xdc\x99\
\x1cL\xce\x9d\xc9\xc1\xe4\xdc\x99\x1cL\xce\x9d\xc9\xc1\xe4\
\xdc\x99\x1cL\xce\x9d\xc9\xc1\xe4\xdc\x99\x1cL\xce\x9d\xc9\
\xc1\xe4\xdc\x99\x1cL\xce\x9d\xc9\xc1\xe4\xdc\x99\x1cL\xce\
\x9d\xc9\xc1\xe4\xdc\x99\x1cL\xce\x9d\xc9\xc1\xe4\xdc\x99\x1c\
L\xce\x9d\xc9\xc1\xe4\xdc\x99\x1cL\xce\x9d\xc9\xc1\xe4\xdc\
\x99\x1cL\xce\x9d\xc9\xc1\xe4\xdc\x99\x1cL\xce\x9d\xc9\xc1\
\xe4\xdc\x99\x1cL\xce\x9d\xc9\xc1\xe4\xdc\x99\x1cL\xce\x9d\
\xc9\xc1\xe4\xdc\x99\x1cL\xce\x9d\xc9\xc1\xe4\xdc\x99\x1cL\
\xce\x9d\xc9\xc1\xe4\xdc\x99\x1cL\xce\x9d\xc9\xc1\xe4\xdc\x99\
\x1cL\xce\x9d\xc9\xc1\xe4\xdc\x99\x1cL\xce\x9d\xc9\xc1\xe4\
\xdc\x99\x1cL\xce\x9d\xc9\xc1\xe4\xb1k\xc74\x08DQ\
\x10E_\x05\x1d\x1d\x02H\xe8YL \x83@G\x8b\
\x07\x1c`\x18\x07\xff/\xd5\xbeI\xce\xd10\xb9\xd5\x90\
N\xc9A\xc9I\xa7\xe4\xa0\xe4\xa4SrPr\xd2)\
9(9\xe9\x94\x1c\x94\x9ctJ\x0eJN:%\x07\
%'\x9d\x92\x83\x92\x93N\xc9A\xc9I\xa7\xe4\xa0\xe4\
\xa4SrPr\xd2)9(9\xe9\x94\x1c\x94\x9ct\
J\x0eJN:%\x07%'\x9d\x92\x83\x92\x93N\xc9\
A\xc9I\xa7\xe4\xa0\xe4\xa4SrPr\xd2)9(\
9\xe9\x94\x1c\x94\x9ctJ\x0eJN:%\x07%'\
\x9d\x92\x83\x92\x93N\xc9A\xc9I\xa7\xe4\xa0\xe4\xa4S\
rPr\xd2)9(9\xe9\x94\x1c\x94\x9ct\x7f\x94\
|\x0f\x8c|\x94\x9cu6*\xf9\xe9\xbb\xbc\x0a\x18S\
rV\xda\xa2\xe4\xfb\xf7\xb9\x00%\xa7\xab\x15%?\xde\
\x0bPr\xfa\x9a\x97\xfc\xf4,@\xc9il^\xf2k\
\x01JNg\xbb\xf9\xb1\x0aPrZ\x9b\x95\xdc\xf2@\
\xc9\xe9nR\xf2\x9b\xd7\x0a(9\xdd\x8dK~x\x14\
\xa0\xe447.\xf9R\x80\x92\xd3\xdd\xb0\xe4\x97\x02\x94\
\x9c\x1f;w\xd3\x12e\x18\xc5q\xf8p\xd3\xfb\xe8\x94\
\xbdH\x13\x99\x06B\xf9\x82\x95h!\xa1(Z\xe0\xc6\
\x81 \x5c\xa8\x10\xb4\xd6v\x89\x1bW\xae\xfb\xcc\xf9\x01\
<\xe3\xcc\x88\xcf\xf3\x0c\x5c\xd7g8\xfcv\xff\xd3x\
\xbdJ\xbe\x13\x80\x92\xd3|=J\xfeb#\x00%\xa7\
\xf9\xf2\x92\xdf?\x0a@\xc9\x19\x01y\xc9/\x02Pr\
FAZ\xf2\xf3\x00\x94\x9c\x91\x90\x95|\xab\x15\x80\x92\
3\x12\x92\x92\xb7\x8f\x03\x08%g$$%\x7f\x10@\
\x84\x923\x12\xae.\xf9r\x00\x97\x94\x9c\x91pe\xc9\
\xd7\x22\xb3\xf9\x10H\xbcSr*\x97\x97|{6\x12\
S\x0b\x05H<Vr\xaa\x96\x97\xbc}\x12\x99\xd5\x02\
\xdcj\xc9\x9f\x8d\xc1\xd8\xd8\xab\x95\x9b\x96\xfc42\x07\
\x05\xb8\xdd\x92?)pi\xbeu\xb3\x92\xdf\x8b\xcc\xf4\
x\x01\x94\x9c*\xec\xdf\xa8\xe4?\x22\xb39Y\x00%\
\xa7\x1a\xdd\x1b\x94\xfc\xed\xbfHt^\x17@\xc9\xa9\xc8\
\xc4\xd2\xf0%\xff\x14\x99\xc3\x02(9\x95\xd9]\x1c\xb6\
\xe4w#\xd3-\x80\x92S\xa1\xb3\xcep%\xcf\xef\xec\
\xceD\x01\x94\x9c*\xcd\x0cU\xf2\xef\xb3\x91X\xf9S\
\x00%\xa7Z\x07C\x94\xbc\xfd+2\xf3\x05Pr*\
6\xbe7x\xc9?F\xe6w\x01\x94\x9c\xca\xcd\xad\x0f\
Z\xf2\x0f\x91y^\x00%\xa7\x06\x0b+\x83\x95|'\
2\x9f\xc7\x0a\xa0\xe4\xd4a\xbe5H\xc9_lD\xa2\
\xf3\xbe\x00JN=\xf6\x07(\xf9\xfd\xa3\xc8<-\x80\
\x92S\x97n\xff%\xbf\x88\xcc\xd7\x02(9\xb5\x99X\
\xea\xb7\xe4\xe7\x91\xf9\xe9\x01\x22(9u\xda]\xec\xaf\
\xe4[\xadH,\xee\x16@\xc9\xa9\xd3Y\xa7\x9f\x92\xb7\
\x8f#\xd1zY\x00%\xa7^3\xfd\x94\xfcAd\xf6\
\x0b\xa0\xe4\xd4\xed\xe0\xfa\x92/G\xe6K\x01\x94\x9c\xda\
\x8d\xef]W\xf2\xb5\xc8<\xf2\x00\x11\x94\x9c&\x98[\
\xef]\xf2\xed\xd9HL-\x14@\xc9i\x82\x9e\xb3\xfd\
{\xed\x93\xc8\xac\x16@\xc9i\x86^\xb3\xfd\xbf\xa7\x91\
yS\x00%\xa7)\xf6#u\x12\x99i\x93 Pr\
\x1a\xa4\x1b\x03\xdb\x9c,\x80\x92\xd3\x1c\xdf\x96b@\x9d\
\xb3\x02(9M\x92\xcc\xf6s\x87\x05Pr\x9a%\x99\
\xedg\xba\x05Pr\x9af&\x06\xf0\x9f\xbd\xbbWi\
 \x0a\xc20|\x18R\x19\x03\x82ADQ\x02B4\
\xc621\x82\xd8\xd8\xd9\x98F\xdd\x22\xa5\x17\xe0\xfdw\
\x82\x8d?d\xdd-\xcf\x84\xe7\xb9\x88\xb7\xfbf\x06&\
A\xa0\xe4ThSz\xbb\xfc\x08@\xc9\xa9\xcf\xe8\xb9\
\xf44\xbc\x0e@\xc9\xa9\xd1\xec\xa1\xf4\xf3\x1e\x80\x92S\
\xa7\xf9\xa2\xf41\x0e@\xc9\xa9U\xafo\xfb\xb7\xfb\x01\
(9\xd5jJ\xa7\xb3\xab\x00\x94\x9c\x8a\xadK\x97I\
\x00JN\xcd:g\xfb\xf7\x01(9u\xeb\x98\xed\xbf\
:\x80\x08JN\xf5\xfe\x9d\xed\xdf<\x05\xa0\xe4To\
RZ\x0d\x8f\x03Pr\x12\xd8\x946\x17\x01(9\x19\
\xb4\xce\xf6W\x01(99\xb4\xcc\xf6\xf7\x1c@\x04%\
'\x8d\xc3\xc5\xb6I\xd0<\x00%'\x8dm\xb3\xfde\
\x00JN\x22M\xf9\xeb<\x00%'\x95u\xf9mj\
\x12\x04JN2\xa3q\xf9ip\x14\x80\x92\x93\xcc\xe8\
\xb4|[\xcd\x02Pr\xf29y\x1b\x96/S\xdf\xde\
@\xc9\xc9\xea\xe0\xb1y\xb9[\xba\xb5\x02J\x0e\x80\x92\
\x03\xec\x00%\x07\xc8N\xc9\x01\xb2Sr\x80\xec\x94\x1c\
 ;%\x07\xc8N\xc9\x01\xb2Sr\x80\xec\x94\x1c \
;%\x07\xc8N\xc9\x01\xb2Sr\x80\xec\x94\x1c ;\
%\x07\xc8N\xc9\x01\xb2Sr\x80\xec\x94\x1c ;%\
\x07>\xd9\xbb\x83\x95\xa8\xe20\x8c\xc3\x1f\x1fm\xea$\
5\x8eD\x07\x15\xa1\x18g&\xa5\x8d\xa6\x12\x09\x22\x08\
\x15V\x88\x19\xee\xba\x84\xd6u\xf5]\xc1\x9c\xf3_~\
\x07\x9e\xe7\x22~\xab\x17^\xa6N\xc9\x01\xa6N\xc9\x01\
\xa6N\xc9\x01\xa6N\xc9\x01\xa6N\xc9\x01\xa6N\xc9\x01\
\xa6N\xc9\x01\xa6N\xc9\x01\xa6N\xc9\xab\x99\x9d\xef\xb4\
{\xb1J\x00%\xaf\xe6g\xb4\xdb\xbfN\x00%\xaff\
\xdeG\xb3\xe5\xdf\x04P\xf2r\x9eF\xb3\xb3y\x02(\
y9\x8bh\xf6\xf0*\x01\x94\xbc\x9c\xf5U\xb4\xfa5\
K\x00%\xafg7Z\xdd'\x80\x92\x17\xb4\xea\xa2\xd1\
\xdb\x04P\xf2\x8a\x0e\xa3M\xbfH\x00%\xafh;\xda\
,_'\x80\x92W\xf4r\x19MN\x8e\x12@\xc9K\
\xfa\x1cM\xde\xdf%\x80\x92\x97\xb4\x17M\xbe[\x1f\x02\
J^\xd4\xd6\x93h\xf1q+\x01\x94\xbc\xa6o\xd1\xe2\
\x22\x01\x94\xbc\xa8\xbb\xd3\x18\xd7m'\x80\x92W\xf5&\
\xc6\x9d~M\x00%\xaf\xeaw\x8c\xbbr+\x01(y\
]7\x971\xea\xd9\x97\x04P\xf2\xb2.b\xd4\xc1:\
\x01\x94\xbc\xacO}\x8c\xf9a}\x08(ye;1\
\xe66\x01\x94\xbc\xb0\xeb\x18\xd1=&\x80\x92\x176;\
\x89a\xfb\xef\x12@\xc9+\xbb\x8da\xc7\xff\x12@\xc9\
+;\xeac\xd0\xe5\x9f\x04P\xf2\xd2\x0eb\xd0\xe1\xf3\
\x04P\xf2\xd2\x161\xe8\xfc&\x01\x94\xbc\xb4\xf5q\x0c\
\xd9M\x00%/\xee>\x06t.\xf4\x01%/o\xd5\
\xc5f\xfd\x87\x04P\xf2\xea\x1eb\xb3\xe5^\x02(y\
u\x8f\xb1\xd9\xd9<\x01\xfe\xb3w\x7f\xabi\x04Q\x1c\
\xc7\x7f\x1c\xbc\xe9n\x97v5H\xd6\xacU\x5c\xfc\x13\
\x15o\x125\x18\x03\xa1 \x98\x90\x18BR\x15\x14r\
\xd1\x07\xc8uJ\x1f\xbeP\x0a%-&3\xb3g'\
\xb3\xed\xf9<\x81\xc2\xfa\xc533\xbb+%w]\xb9\
\x8d\x9d\x06e\x12B\x08)\xb9\xf3&\xd8iO^\xa1\
/\x84\x90\x92\xe7@\x8c\x9d\xe6\xf2\x10[!\x84\x94<\
\x07\x82\x02vY\x91\x10BH\xc9s \x8cw\xe9\x91\
\x10BH\xc9\x85\x10\xe2\xff!%\x17\x7f\x9b\xdd\x96:\
\xf1\xe5\xb0\xbeM\xae\xd7\xc5\xe6\xb0\xfbm*\xfb\xaf\x22\
+\xe5R'~\xf8\xdc\x5c'\xd7\xc5aw\xbf\xd2\x9b\
\xca\xa3\x86\xa4\xe4\x22\xa5\xe9\xe5\xf6`o\xe4\xe3/\xd5\
\xd1\xe24\xe9\x96d#V\xb0\xb9\x8d\x8bW\xe3B\x84\
?\xf9G?\xaf5\x09\xba\x94\x5c\x18\x08\x1f\xae\x06\x11\
^Qmm\x86S\x12\x22\xa5\xde\xf5\xf2\x18/\xf3[\
\xf7\x972\x0bJ\xc9\x85\x86\xe0i\xb5\x88\xa0jt\xd7\
\x95_\x980\xf6Xl\xf4\xf1\x8bB\xcde\x0e\x94\x92\
\x0b%\xbd\x8364U\xf7\xea\x12sa\xe0p[\x80\
\x9e\xf6A\x87\xc4\xffT\xf2\x9eg\xa4\xf0\xa5U[|\
\x187&\xf3\xd3\xcd\xc9z\xb8\xdf\xb9\x98Q&\xee<\
N=\xe2\x11\xd6[0R\x9d|'\x13\x05\xcf\xc0\x92\
\x9e{\xef\x99\x98Sz+\xcf\xc4\x8e\x16\x05\x03OW\
\x91~\x9bz&6\xf4\xdc7\xcfDB&\xe2I\x15\
\x06\x0aI\x99\x18\xbc\xf38\xb95+\xfcK%\xaf\x80\
K\xf5h0\xbe\xaf?\xbd'V\x03p\x1a\x12\x87\xde\
\xdd1\xccy\xc5\x80\xb4\xf90P\xa0\xe7\xca0\xb1G\
\xe9\x1d\xc0D\xbc#l\xd0\xd6\xa3\xdfJ0\xd1\xa0\xe7\
\xf6a\xe2\x13i\x0b\x13\x0f\xa6\xfce\x85\xd2\x0a|p\
r\xeb\xfd\xbaR\xf2\x97\xf4[\x93$\x0e\x88I\x1b\x9c\
V\x94\xdec\x03)\x9d'\xa1\x94\xdc\xbc\xe4\xf7\xd05\
\xa2\xbc\x96<X\xf7\x91\xca\xb2G\xe9L\xc1\xea\x92\x5c\
\x22%\x7fUu\xb1b\xa9y\x08V\x13J\xeb\xe3&\
Bz\xedm %7-\xf9\x00\xba6y-\xf9\xf0\
\x0ci\xf9\x8d\x12\xa5\xf1\x1d\xac\xb6\xe4\x12)\xb9b\xcd\
\xd7\x87\x94R\x0f\xacj\x94N\xb8:\x06\x8f\xc2\x83\x94\
\xdc\xac\xe4e\x1f\xba\xf6\xf3Y\xf2\xb8\x05\x0e\xfe\xa4L\
\xe6\xea`\xb5!\x97H\xc9UE\xe3}J\xa5\x0bV\
\xe7)?\xcd9\xf8,o\xa5\xe4&%oBW;\
\xc8c\xc9\xc39\xb8\xf4\xbbd\xec\x04\xac>\x90K\xa4\
\xe4\x1aZ\x97\x94\xc2\x16\xbcB27\xbb\x03\xab\xf6P\
JnP\xf2\x09tM(\x87%\xefy`t\x1a\x92\
\xa1\x09Xy\xe4\x12)\xb9\x96V\x87\x8c]\x81W\x8f\
\x8c\xf5\x0a\xe0\xd68\x94\x92k\x97\xbc\x0f]\x9fsX\
\xf2m\x04V^\x87\xcc\xbc\x03\xab\x88\x5c\x22%\xd7\xe3\
\x1f\x84dh\x0c^\x9f\xc9\xd46\x02\xbfQGJ\xae\
Y\xf2\x0etEa\xeeJ~\xb8\x04\xb7(!##\
\xf0\xba \x87H\xc9u\x9dU\xc8\xcc\x17\xf0J\xc8\xcc\
l\x89LT\x9bRr\xbd\x92'\x06K\xb3y+\xf9\
t\x84\x0cl\xc8D\x04^\xfb\xe4\x10)\xb9\xb6\xe8\x9a\
\x8c\xf4\xc1\xeb\x94\x8c\x845d\xe5JJ\xbeK\xcc3\
\xed\x17\xf3V\xf2\xd2\x1121'}\x17`V$\x87\
H\xc9\x0d\xcc\x83\xb7?N\x0e,\xc8\xc4\xfb/\xc8\xce\
M %W/y\x18A\x93_\xceY\xc9{\xe7\xc8\
\xc88 ]1\x98]\x91C\xa4\xe4&>\x84o~\
\x9c\x1c\x18\x91\x81r\x01YZ\xce\xa4\xe4\xca%\xefB\
W\x8b\xf2U\xf2N\x1f\x99\xd9\x0bIS\x13\xcc\xc6\xe4\
\x10)\xb9\x91\x9a~\xca/\xc1\xcc\x0fH\xdb\xc5\x19\xb2\
\xb5\x98I\xc9UK~\x07]\xab|\x95\xbc\xd2F\x86\
\x16\x81\xf6qrf\x05r\x88\x94\xdc\xcc\x9evF\xd7\
\xe0V\x22]\x87\x1e\xb26\x96\x92\xab\x96\xfc\x0c\xbaJ\
\xb9*\xf9m\x1f\x99\xda\x90\x9e9\x98U\xc9!Rr\
[\x93\xd5\x15\xb8uI\xd7\x12\xd9\xbb\x93\x92\xab\x95\xfc\
\x11\xba\xce(O%\x0fZ\xc8X\x93\xb4,\xc0\xadL\
\xee\x90\x92\x9b:!=\x0dp\xbb&M'\xb0!\x91\
\x92+\x95|\x0d]W\xb9*\xf9\x01\xb2\x16UH\xc7\
\x19\xb8\xc5\xe4\x0e)\xb9)\xbf\xab{\x9c\x9c\xdb\x01\xe9\
\xe9\xfa\xb0\xc1\x8f\xa5\xe4\x7f\x899\x06\xa48O%o\
\x22{Ge\xd2\x10\x81[\x9d\xdc!%7v<\xe5\
;Nn\xa3K\xa5c\xd8q^\x96\x92\xbf^\xf2\xa0\
\x0aM}\xcaQ\xc9{UXP#u\xb7`\xf7\x95\
\xdc!%\xb7s\x19Q\x08vg\xa4#(\xc0\x96=\
)\xf9\xee\x92\x9b\xf7s\x9e\xa3\x92\x07\x1e\xac\xd8\x92\xb2\
'\xb0k\x90;\xa4\xe4\x96\x16\xaaK`\x17\x05\xa4!\
\x81=M)\xf9\xab%\xbf\x87\xaen\x8eJ\x9e\xc0\x8e\
\xe32\xa9j\x82\xdd\x17r\x87\x94<\x85\xea\xa3\xceq\
r~SRwQ\x85=\xfdC)\xf9k%\x1f@\
S5\xccO\xc9o\xab\xb0\xe4\x86T\xad\xc0\xaeM\xee\
\x90\x92[\x9a\xae\x8a\xe0\xf7\xe0\xd8\x01\xc4\xdf\xe6R\xf2\
WJ^\x86\xae%\xe5\xa7\xe47\xb0f\x9f\x14\x9d\x82\
\xdf{r\x86\x94<\x95\x0a\xa9\xba\x07\xbf5)\xeb\xc2\
*\xbf$%\x7f&N?\xeb\xd7\xf3S\xf2\x18\xf6x\
\x01\xa9\xd9\x03\xbf\x0a9CJni\xd3\xf3\x06\xfc>\
\x91\xaap\x04\xbbn\xa4\xe4\xcf\xc4\xa9\xaf\x07\xffcn\
J\x1e\x14`QBj<\xf0k\x923\xa4\xe4\xe9<\
\x91\xa2\x16\xf8-I\xd55,\xf3KR\xf2\x17K\xde\
\x87\xa6\x1a\xe5\xa6\xe4u\xd8\xd4\x9f\x91\x92\x08\xfcN\xc8\
\x19RrK\x1b.\xe7\xe0W E\xc1\x11l;\x95\
\x92\xbfT\xf2\x0et%\xf9)\xf9\x00V\x15IE\x19\
\x19\x98\x903\xa4\xe4\xe9D\x8a\xdf}\x86\x0cT\xe9\x19\
W\xfe$\xfdt\x1cJ\xc9_(\xf9\x0a\xba\x1esS\
\xf2\x18vy\xa4\xe2\x1b2\xd0\x22gH\xc9\xed\xac\xd2\
\x95\x90\x85[R\xe3\xc1\xbe\xba\x94\xfc\x85\x92\xd7\xf4s\
\x95\x9b\x92\x8faY\x97\x14\x0c\x91\x81>9CJn\
g\x85\xe3\x01Y\xf8NJ>\xe3\x0d\xd4\xa4\xe4\xbbK\
~\x18A\xd3}nJ>\xf5aY\xed\xed\xee\x8c\x0b\
\xc9\x15R\xf2\x1f\xec\xdd\xdfK\x22Q\x14\xc0\xf1\xc3\xc1\
\x97m\x1c\x5c-D\xdb\xb1$I\x1d\x0b_\xca\x1f4\
\x06\x11\x04\x19\xa6H[\x06\x09=\xf4\x07\xf4\x5c\xec\x1f\
\xbf/\xfd\xb0\xa6\xacs\xef\xb9\xdd{\xe1|\xff\x00\xd9\
\xd6\x99\x8f:s\xe6^\xdd\x06\xdc\xe3\xe4\xfc\x1b\x09\xd6\
\xc1FE\x91\xfc\xb5H\xf7\xb3\xf5\xd1\x1b\xc97\xe0\xc7\
k\xe2\xd7]\x80\x89\x9a\xe8J\x22\xf9\xcf<\xb2\x7f\x07\
&\xfa\x8b\xdfi\x00V\xaa\x8a\xe4\xafE\x9a\xac\x1c\xa1\
/\x92\x87\x0d\xf8\xf16\x08\xe3\xe4\xbc\x1d\xa3+\x89\xe4\
?3R>\x01\x13\xf5\x8c\x8f 6\xca\xa0ZO$\
\xffT\xf2.\x10K\xbc\x91\xbc\x04\xaa\x95+\xa0\xd8\xa1\
\xb5{E5t%\x91\x5c\xb7 \xb6w\x81\xa3m\xf2\
\xe2Jyr6\x08\x11\x8b\xa5\x8b\x06\xa8\xb4\x1f\x8a\xe4\
/E\x9a\x02\xb7\xbc\x91|\x04J\x8d;\xbf\x11\xe3R\
/\x00\x95v\xf0\xcb*`\xa2St%\x91\x5c\xbb3\
\xfcF{`\xa2}\xfcFCPj\x9c\xc5\xe7\xb2c\
P\xa9)\x92\x7f\x22\xf9\x1c\x88UN\xbc\x91|\x05\x14\
\xaaT\xf1\xa93%qg\x84qr\xd6~\xa1+\x89\
\xe4?\xb2\xdc|\x18\x80\x91\x8a\xc6.\xaeLB\xed-\
\x10\xe7\x22\xf9'\x92\xe7\x80X\x0f}\x91|\xa0{\xb9\
\xb9\x05\x0a\xd5m\xe1\xb0\x87\xae$\x92k7\xb6x\xd3\
\xf1\xc1\xd4F\xb4\xbby\x5c\xec\xbe\x0c\xf4&\x22\xf9K\
\x91\xdevA\xdb\xdeH>\x07\x85.t\x8f\xd7\xa0H\
\x18'g\xed\x04\x1dI$\x0f\x02\xd0\xab\x12\xe2\x97\x95\
\xc0L\xdb\xf8u\x0d\x8e\xef\xd3[@\xaf+\x92\xbf\x14\
i\x1d\x0dA\xd6\x1b\xc9\xd7\xb4/s\xb7\x8c\x9c\x085\
0\xd3\x0e:\x92H\x9e`~\xba\xfax\xdb\xb9\xcb\xed\
\x9a{3\xab`\xa6\xbe\xa1\x9f\x03A\xcc1\x0f\x1f\x8b\
\xe4\x1fJ>\xa2_\x8d\xf5F\xf2\x86\xf6\x8d\xfb|\x00\
\xf4F\x84qr\xd6Z\xe8H\x22y\x82/M7\xca\
\xa0P\x870N\xce\xdc\xc4\xd0\x03\x9em\x96\xcf\x83u\
\x91\xfcC\xc93@\xec\xdc\x1b\xc9\x8b\xa0\xcf\xf0\xa5\x89\
w6\x07f:GG\x12\xc9\x13\x5c\xa8\xb4o\xe6\x96\
\xe7\x01\x98\xa9n\xe8C\xe4\x0f\xcb\x10\xd7\xb6H\xfe\x91\
\xe4S\xa06\xf0F\xf2\x12\xc33d\x89\x89;\x8f\x19\
0\xd3\x05:\x92H\x9e\xe0bgf\x9e\xcf\xd9\x043\
5\x08\xef0\xa5*\xcb\x99\xd0\x17\xc9?\x92\xbcJ\xff\
\xe3\xbd\x91|\xce\xf0\xdbm\x06\x0a\xc5\x84qr\xce\xc6\
\xe8H\x22y\xa2}=-C\x18'\xe7.\xc6\xaf\xea\
\x82B%\x96\x0f\x84\x89H\xfe\x5c\xa4s\xf7\xf8\xce\x1f\
\xc9/@\xa1<\xc3&\xf8\x11.-\x0b\x86\xea\xa2#\
\x89\xe4\xc9;\x22*@\xad\x1c\x12\xc6\xc9\x99k\x9a\xd9\
*\xe5\x9e\xe5\x14m\x8b\xe4\xcfE:7\x05\x9b\xfeH\
\xbe\xc9\xb04\xec?\x03{\xda6\xc1PA\x88n$\
\x92'\xfad\x0d\xed\xada\xd5A4\xf1e$\xc4\xf7\
\xcd\x80\xde\xbeH\xfe\x5c\xa4q\x98\xee\xa1?\x92\xef\x02\
\xbd\x15\x8e\xbfjdka\xe7{t#\x91<\xd1\xff\
F\xf0\x88\xa9\x14_\x93\xff1\xe5\x1dP\xe8\x08S]\
\x83BE\x91<-y\x1f\x88]\xf8#y\x18\x00\xbd\
:\xc7\xf2\x12\x07\xb66\xb2=C7\x12\xc9\x13\xfd\xaf\
\x15\xc7l\xe3\xe4\xfc\x1b\x09\xde*\xbb\xc9q\xf1R$\
\x7f*\xd2X\xd0\xec\xd6\x1f\xc9\x8b\xa0\xd0\x15\xc7\x8b\xe4\
\x08\xef\x1akst#\x91<%\xf9\x15\xff\x9b\xd9\x07\
Sm\xe2\x17U\x99^\xb5\x05\x0aUE\xf2\x94\xe4q\
@^S\xd2\x1f\xc9W9\xbe\x8d\xe4A\xa1K\x5c\xda\
\x15\x98\xea\x06\xddH$O\xf4\x07\xb0G<\xe3\xe4L\
\xd7A\x18F\xbarL\x83\xc2\x7fE\xf2\x94\xe4\xc7t\
x\xfd\x91\xfc\x1f\xc7+\x85\x06fH2`\xaa\x1c\xba\
\x91H\x9e\x92\xbc\xc3\xff\xa4\xe5/ Uf\xdcHp\
\x03\x14\x9a0\xdd\xfc?\x15\xc9S\x92\x9f\x02\xb1\x8eG\
\x92\x1f\x83B}\x8e#\xa4\x82K\xdb7v\x06\xae\xa0\
\x1b\x89\xe4\x89\xbeYk\xcc3\xddm\xc6E_NA\
\xa1\x84\x09\x8d\x9eH\x9e\x92|\x0fh\x95c\x8f$/\
\xb0\xdc\xb5\xaf\xb0\xef\x8d\x1c\x83\xb13\xb0\x8cn$\x92\
\xa7\xd4\x9a\x02\xb5:\xf3L\xf7)\xe3\xdd\xd6\x1e(4\
b\x1a\xa4\xdc\x14\xc9\x9f\x8a\x94\xf1\x1d\xa3G\x92\xcfX\
vPk\xb0\xef\x8c\xde\x04sg\xe0\x10\x9dH$O\
I\x1e\xd2\x99a\xde\xb5\xa7\xc0\xb8\x91\xe0\x98i\x89\xc5\
\xa1\x92\xbf\x22\xf9S\x91\xf28\xdc\xdc'\xc9oX\x16\
\xa1\xdac\x7fF\xae\x05\xa4\x1a5\xd2\xf3\xd0N$\x92\
'\xf8\xbe\x06\xf7\xf2=\x11\x90\x0a\xd6\x95\xff\xf9\xe9.\
\x99$\x9f\x82B\xbb\x22\xf9{\xc9\xd7\x80\xd8\xd0'\xc9\
OY\xe6\xf8\x0eA\xa1\x88q\x9c\xbc]\x80\xefW@\
'\x12\xc9\xd3\x14v\xb9\xb7\xd3\xdc\x06R{\x145\xc7\
&\xb6\x14\x9f1M\x0a\x97E\xf2w\xce\x9cT\x80V\
\x1b}\x92|\x02\x0a]\xb3\x0c\x9a\xdc\xe2\x92n\x80\xd4\
U\x8bt)\xd2\x89D\xf2\x84\x01?\xdeq\xf2\xfa\x09\
\xe3\x0a>G\xa0P\x8d\xeb\xa9\xff\xbcH\xfeV\xf2[\
 \xd6\xf7J\xf2+P\xa8\x80\xefj\x83B\xc7\x8cw\
\x8b\xfe<\x90n\xeb;\x91H\x9e0\xcc\x9e\xe6Y\xe7\
G&\xb8\xcf\xb7\x82O\x85i\xf9\xfc\x18T\x1a\x88\xe4\
o%\xdf\x00bM\xaf$\x1f\xb3<?Vg\xdf\xff\
\xad\x0d\xa4\xce\xefI\x87\xa6\x13\x89\xe4\x09\xc3\xa5\xe5\x98\
\xf5\xae\xe3_\xd2\xf5\x9dU\x5c\x1a\xd7\x13\xc8yP\xa9\
)\x92\xbf\x95<\x03\xb4\xba\xe8\x95\xe4<\x06o\xb2/\
\x86\xd8\x00R\xc71i\x92\xdd\x89D\xf2\x84\xe1p,\
\xe2\xd2\x0e\x81T\x01/\xd96\x12\x0cA\xa5k.\xc9\
oE\xf27\x92\x0f\x81\xd8\x8d_\x92g\xecI^c\
\x1c'_\xc72\xe9\xecw!\x91\x9cC\xf2)\xeb8\
\xf9\x19\xe6\x14\xaf\x84p\x01\x5c\xe0z\xa1\x8eH\xfeF\
\xf2\x02\x10+\xf9%y\xd7\x9e\xe4}\xc6\x05A\x8bx\
Dzo]H$\xe7\x90|\x88\xcb\x9a\x02\xadU<\
P\xdcr3]lW\xf2\xb9H\xfe\xe6l\xef\x01\xad\
F\xe8\x97\xe4\xbb\xf6$\x1f\xf1\x8d\x93Wh?.\xaa\
\xe8B\x22yZ\xf26\xf3j\xf3\x0f@+\x8f#6\
\x9d\xb2v%\x9f\x89\xe4\x8b\x92\x87\x0d\xa05A\xbf$\
\xaf\xd8\x93\xfc\x02?o\x0e\xa4Vh+%\xdd\xa1\x0b\
\x89\xe4\x1c\xb3+\xab\x9c\xe3\xe4\xbb\x885\xf8~\x87\xb8\
\xac\xa2]\xc9\xfb\x22\xf9\xa2\xe4\x0f@\xec\xd83\xc9\xc1\
\x9e\xe4\x07|\xcb\xc8\xad\xd1\xf6Z\xddB\x17\x12\xc9\xcd\
K>#?\x0bRe\xdbEthW\xf2;\x91|\
Q\xf2>\xd0*\xe7\xfd\x92<oQ\xf2\x09\xdf8y\
B{\x97/\xd1\x85Dr\x8e'\x83\xa6\xb8\xac\x84\xbc\
\x80`\x8bm\xe9\xa0\x81]\xc9G\x22\xf9\xa2\xe4u\xf2\
\xbfW$\xffn[|\xe3\xe43\xdagn\x03]H\
$\xa7>\xadO\x9f'\x1f\x93O\x91G\xb6\xc7\x94W\
\xedJ~#\x92/H\x9e\x0d\x80V\xc13\xc9c\x8b\
\x92\xf7\xf8\xc6\xc9\xb7\x89\xdb\xd6f\xd1\x81D\xf2\x04\xf5\
\x97b;\xe1\x5c\xfa\xe4\x1c\xf1\x9e\xed\x91\x88\x1d\xbb\x92\
\xff\x11\xc9\x17$\xef\x00\xb1\xa9g\x92g-J~\xc5\
7\x8a\x1b\x11\xdf\xaaut \x91<\xd1_\xaa$`\
\x1d'o\x11\xbf\xdbl8,y\x22\x92/H~\x0a\
\xb4.\xd13\xc9\x8b\x16%\xcf\xf1\x9d\x04C\xe2\xff\xc9\
6:\x90H\x9e\xc6f\x1f\x88UX\xc7G\x9aD\xfc\
\xafpIM\xbb\x92\x1f\x88\xe4\x0b\x92\x1f\x01\xad\x99o\
\x92O-J\xbe\xc66N\x1eP\xf1\xef\xa3\x03\x89\xe4\
i\xc9\x81\xda..\xebQ\xe1\xa2\xfb\x11\xd7\x0a>\x8f\
v%\x9f\x88\xe4\xaf\x92\xef\x00\xb1\x1d\xdf$\x1fZ\x94\
|\x8c\x9fv\x0d\xa4\xba\xd4\xe3\xeb\x00\x1dH$OI\
\x1e3\xef\xeb\xddQX\xec<\xc3\xf5\x8b \xb2+\xf9\
\x96H\xfe*y\x0dh\x1d\xa2o\x92\x0f,J\xfe\x0b\
?mD\xdf\xb30\x04But \x91<\xd1?\x1c\
3\xb8\xac\x9a\xc2\x8b\x8d\xb9\xee\x8b\x95\xecJ\xde\x13\xc9\
\xff\xb3w7=iDQ\x18\xc7ON\xd8T\x98\xb4\
\xd0\xc6\x08\x95BJ@\x05\xc2\x06T\x02\x9a\x90IL\
\xd4(\xc6@\xd5\xc4&.\xfc\x00]\xdb\xf8\xe1\xbb\xb3\
\xaf\x80\xcf\xe16\xf7\xce\xcd\xf3\xdfC\x04\x87_\x18\xe6\
\xcc\xbd?%\x9f\xa2VfN\xf2o\x1e%\xaf\xe9\xc2\
>\x0b\xd4\x08\x1dw\xe9j\x00Q\xf2\xf1\xfa\x17\x09\xdf\
\xe8\xb2f\x02\xf5\x16>\xf6\x9euq\x0f~%\x7fK\
\xc9_$/\x96\xd1\xc7dN\xf2\xf7\x1e%o9\xdb\
\x01\xf1\x11^\xbf\xb4\xa8\xfe\xa3\xe4\x7fI\xfelx\x8a\
e}\x10\xa8\x19\xccEI\x17\xd7\xf6+\xf9\x94\x92\xbf\
\xa8|\x0e_}\xc9\x9c\xe4\x9d0%\xef\x1a\x8e\xfe\x16\
6\xa4\xe0?J>^\x1f\xbf\x86\xcbq\xf2\x06|[\
\xf7<\x5c\xc9k\x94\xfcE\xf2{\xc1\x1aQr\xa4/\
\xce\xc6\xc9\x1f\xe0}\xecR\xf5\x1f%\x1fc\x0b\xa7\xe1\
\xff\xc8\xaaaI\xef;Ww\xb7\xa5~%oQ\xf2\
\x17\xc97\x04+\xcd\x9e\xe4\xbb\x1e%\xef9{\x97\xde\
\xc3\xb3\xff\x0d\xf5\x1f%\x1f\x03\xfbp\xe3\xd3b\xb89\
\xdf\xe1y\x97\x9e.n\x9f\x92\x07\x22\xf9\x91`U\x8b\
\xd9\x93\xbc\xe2Q\xf2\x9c.\xea\xdcr\xc7\xf6\x5c\x80N\
\xd5\x7f\x94|\xbc\xfe\xfe\xe0E\x97\x7f\xd55\xfc\xe1\x1a\
\xe8\xe2\x9a\x94<\x10\xc9K\xf0\xdd\xe7\xd9\x93\xfc{\x90\
\x92\xdf\x09\xd4\x04\x9f8\xab\xa9\xff(\xf9x\xed\xa5\x10\
\xfb.\xc7\xc9\xcb\x86\x1f\x1c7uauJ\x1e\x88\xe4\
\x87\x82U\xca\xa0\xe4\xdb\x1e%\xdf\xd0E\xcd-\xc7l\
\x1d\x13\xc0\x7f\x94\xfcO\xc9\x93\xb2\x80M]\x8e\x93\x1f\
\x1b\xa0z\x8a_\xf2\xf2\xc6\xef\x1dgM\xf2d P\
\xf9\xcd\xff&\xf9`\xe3\xf7\xfa\xce$\x7f\xf6(\xf9\xb1\
\xabq\xf2\xcf\x86\x9fdN\xd4{\x94|\xbc\xf6\xd18\
t9N>5l\x89\xdf\x8c_\xf2\xbf\xca\x9a\xe4\xdb\
\xf0;\x07J\xee>\x5c\xf2-\x8f\x92\x1f\xe8\xa2Z\x02\
ua\xc0\xa4\xa3\xde\xa3\xe4ch\xa7(|\xff\xf3\xb7\
\x02ujXQyH\xc9\x83\x97\xfcQ\xb0\x1aY\x94\
\xfc\xc1\xa3\xe4}]\xd4D\xa0\xee\x0cwz\xb7\xd5{\
\x94\xfcO\xc9\x8f\x05\xac|\xa2\xcb\xca\x09\xd4\xd0\xf0W\
\x5cQ\xf2\xe0%\xff\x22X\xef\xb3(\xf9\xb9G\xc9'\
\xba\xa0\x13\xc1j\x1b\x8e\xf7K\xf5\x1e%\x1f\x03\x97G\
\xe0qn|\x9c\xbcn8#lQ\xf2\xd0%O\xf3\
\xe8\xf5\xbb,J\xde\xf6(y\xd7\xd5\x9b\xd41\xec*\
0S\xefQ\xf2\xdf%/\x89\xe3\xfb\x82\x0a\x82\xb5e\
\x18\x85\xdc\xa1\xe4\xa1K>\x13\xac\x0bJ\x0e\xb6\xe3j\
\xe9\xa1=\xc3\xceaS\xf5\x1e%\xffU\xf2\xce\x1b\x81\
\xdb)\xaa\xcb\xad\x1e\x8eT\xf1\xede\xf6(y\xe0\x92\
\x1f\x08\xd6S&%OC\x94\xbcd{\x9e\x1ev\xb9\
\xd5{\x94|\xac\x9a\x14\xf7\xcev\xb7\xf6g\xc7bh\
\xaeKK\x05*\x9fX~\xe4\xd9\xa5\xe4\x81K\x0e\xd6\
\xd5LJ\xbe\xefQ\xf2\x81\xa3q\xf2\x9ee\x1f\xf5|\
\xa2\x86(\xb9S\xc9\xcb\xd5\xb5h\xa9n\xea\xd2.\x05\
\xaaoz\xd8>%\x8fK\xf2SJ\xeel\x0b\xc6+\
\x81\xba1=\xec\x9bZ\xa2\xe4f\xc9\xdd7t\xfb\xc1\
o\x99\xee\xb2\xbf\xa5\xe4qI\xde\xce\xa6\xe4M\x8f\x92\
\x97\x1d\x8d\x93\x7f4-\xbft\xae\x96(y8\x92\xe7\
\x12]\xde\x8d@]\x99\xe6\xb9F\x94<*\xc9\xab'\
\xd9\x94\xbc\xeeQ\xf2\xbc.\xa8/\xa6\x81\xc2[A\xfa\
\xaa\x96(y0\x92\x0f:\xba\xa2\x9c@\xcdM\xaf\xa5\
F\xc9\xa3\x92\xfcP\xb3)y\xc9\xa3\xe4\xa2\xff.\xc9\
\x0bTjz-\xf7j\x88\x92\x07#y\xf9AW5\
\x10\xa8;\xd3f\xa2\x13J\x1e\x95\xe4uJ\x8e\x97\xe8\
?\xfb&X\x15\xd3\xa8\xc2[5D\xc9C\x91\xbcz\
\xae\xab\xda\x13\xacs\x1b\x9cEJ\x1e\x91\xe4\xf9\x02%\
w&\xf9\x96`m\x9a\xd6u\xdcPK\x94<\x0c\xc9\
'\x15]\xd9\xae\xf5&\xed\xaa u(yD\x92\xd7\
\x94\x92;\x93\xbc$PU\xdb{[VC\x94<\x0c\
\xc9\x0f\x0b\xba\xbaT\xb0\x8a\xb6\xeb4)%\x8fH\xf2\
KJ\xeeN\xf2G\xe32\x09\xef\x04\xeaL\xf1(y\
\x08\x92O\xea\xfa\x9a.\xadw\x84\xf4\x04\xa9A\xc9#\
\x92\xfc\x88\x92\xbb\x93|d=D\xf2\xe0*\x1bx\x94\
\xdc\xbf\xe4\xd5\x8b\xa2\xbe\xaa{\xeb\xb6\xb2\x1f\x04i\xfc\
\xdf%O\x1a\x96\x9a\x94\x1c/\xa7\x94\xdc\x9d\xe45\xeb\
\xe2\x1d]\xf4#\x83G\xc9=K\xdeo\x14\xf4\x95\x1d\
Z\xc7\xcf\xae\x04i\xbaR\xf2p\x0eKJ\xbe\xa2G\
J\xeeP\xf2\xbe@\xdd\x1aw\x81\xbcP<J\xeeW\
\xf2Z\x9a\xe8\xab\xeb\x09\xd4\xbd\xf1\xcb\xfc\x01%\x8fG\
\xf2\x0a%\xb7\x948\x19'o\x1a\xff\x8aC\xc5\xa3\xe4\
\x1e%\xef\xcfv\x15i\xc7z\xad\xeb\x16\x5cx\x8b\x92\
\xc7\x22\xf9D)\xb9;\xc9\x8f\x04k\xdbx:\x9dS\
<J\xeeI\xf2|\xeb\xb6\xa3X{\x82\x95Z?\x14\
\xef)y,\x92\xef$\x94\xdc\x9d\xe4[\x82uf\xdc\
\x80\xb7\xaa\x86(\xb9\x0f\xc9kM\xc3\xcb\xec\x08\xd6\xae\
u\xd1\xfe6%\x8fEry\xa2\xe4\xee$\xaf\x8b\xf5\
\xe4v(P\xd7\x8aG\xc9}H.\xbd\x8b\x87\x13\x05\
k\x0bV\xc1zK\xd1%%\x8fF\xf2!%w$\
9\xee\xf1\x81\xf9\xc5l+\x1c%\xf7\xf6;y\xf5\xaa\
\x9d(\xd2W\xf3\x1a\xcb\xd7\x02\xf5\x91\x92G#y\x8b\
\x92\xbb\x93|$P5\xf3\xb7\xb0\xba\xc2Qr\x9f\xb3\
+\x83\xd3\x8a\xbe\xbeO\xe6I\xe2$\x8f\x19E\xc9\xa3\
\x91<_\xa0\xe4n$\xc7\x9fkd^h\xe3Q\xf1\
(\xb9\xdfy\xf2\xd6~\x02\x8f\x93\xe3c\xe1]A:\
\xa6\xe4\xd1H.\xfb\x94\xdc\x99\xe4\x07\x0257\x9f\x15\
\x7fV<J\xee\xfb\x1e\xcf~)\xf9/\xe3\xe4#\xf3\
C\xcb\x09%\x8fF\xf2\x11%7\x94\xb8\x18'\xffj\
~\xe8\x17\x85\xa3\xe4\xde%\x17\xd9H\xb1qr|w\
\xe7\x0f\x02uD\xc9\xa3\x91|B\xc9]I~&X\
\xa9\xf9\xacxG\xe1(y\x00\x92\x8b\xdc\x5c\xeb\xca\x8a\
b\xfeF\xa0\xa7\x02\xf5@\xc9\xa3\x91\x5c:\x94\xdc\x91\
\xe4\xcf\x82\xf5\xdd~B]P4J\x1e\x84\xe42\xa8\
\x03\xe3\xe4\xf87\x82\xb9@\xddQ\xf2x$oPr\
G\x927\x05\xeb\xcc~V\x5cQ4J\x1e\x86\xe4\x22\
\xb3\xc4\xf18y\xc5>\xc0\xf8\x89\x92\xc7#\xf9\x94\x92\
;\x92|\xb8\xc6\x93\x9c\xa2/\x03\x8e\x92\x07\x22\xb9\xd4\
\x0a\xba\xb4;\xc1\xba\xb6\xefQqC\xc9\xe3\x91\xbc\x5c\
\xa4\xe4\x0e$\xc75\xee\xaa\xfd\xacx\xa8p\x94<\x14\
\xc9\xa5\xb7\xa7\xcb\xba\x10\xfb:XO\x02\x95\xa3\xe4\xf1\
H.mJ\xfe\x83\xbd\xbb[i\x1c\x8a\xc20\xfc\xb1\
\xe8\x89?\xc5q\x14i\xab\x99\x16\xc5Z\xadxRM\
K\xad \x05AE+R\xab\x82\x03\x1ex\x01\x1ew\
\xf0\xe2\xe7d\xa85\xce\x08_W2{\xef\xb0\xde\x0b\
\x10\x9dI\x1e\xb2\x93\x95\x9dt$\x1f\x90\xe7\xb3\xe2\xb5\
\xbe\xae\xd0\x99\xe4\xdeH\x8e\xfa\xb2|\xd1\xa6bf\xa1\
\x07\xaa\xc8$\xcf\x91\xe4\xeb&y:\x92\xc7\xa0ZR\
|\xb9\xb1.t&\xb9?\x92\x7f\x8d\xc3HqEp\
\x06\xae[\x93<?\x92\xcf\x9b\xe4\xe9H^\x06\xd5\xb1\
\xcc\xbe*\xde\x17:\x93\xdc#\xc9\xbf\x9c3\xd8\x07\xd5\
\xbdf\x16\xfd\xcd$\xcf\x8f\xe4\xe8\x99\xe4\xbc\xe4\xfaq\
\xf2\x8efk\xf3e!3\xc9\xbd\x92\xbc\x5cIm\x9c\
|(\xd3\x15H}M\xf2\x1cI\xfeh\x92\xa7!\xf9\
\x86\xe6\xc0?\x03WC\xd8Lr\x9f$\xc7(\xb5\x13\
\xad\xa3yXsg\x92\xe7H\xf2{\x93\x9c\x97\x5c?\
N\xbe\xa7Y\x15\xf7\x85\xcd$\xf7J\xf2\x7foxt\
\xa9\x02\xf4\x06Tm\x93<G\x92\x1f\x16M\xf2\x14$\
\x7fP]V\xcf\xb3\xf7Y\xc9Lr\xcf$\x8f\x8b)\
\x8d\x93_jF\x18\x0fL\xf2\x1cI\x8e7\x93<\x05\
\xc9\xcf\xc1\xb5\xa6Y\x15\x9f\x0b\x9bI\xee\x97\xe4\xff\xbc\
(\xbfSm\xb7q\x0d\xaaC\x93<O\x92\xdf\x99\xe4\
Z\xc9y\x8b\xcb\xa2Y\x15W\x85\xcd$OS\xf2z\
\xe7\xa9{_\x8d\x172\xf8\xc8\xcb&4{\xf0\x1c\x81\
k\xcd$\xcf\x91\xe4\x07&y\x0a\x92\x9f\x80\xaa\xa5z\
\xb1\xaf%l&\xb9Z\xf2\xcf#\xa4g\x8d\xa3\xaby\
$R>\xb5\xae\xab\xae\x08\xde\xc056\xc9s$9\
\xd6Lr\xbd\xe4e\xd5%\xd95\xb8\xce\x84\xcc$O\
Y\xf2I\xcd\x1f\xb31s%\x7f\xed\x14T\xb1\xee4\
\xdd6\xc9\xf3$\xf9\xb6I\xae\x96\xfc\x16\x5cmQ\xad\
\x8a\x9b\xc2e\x92g&\xb9\xc8\xaf\x13\xccP,\x7f\xeb\
Lw\x93f\x17\x5c\x1d\x93<O\x92wMr\xb5\xe4\
c\xdd&\x09%z\x86\x91\xcb$\xcfPri\xa4w\
{e\x05\xba/\x01F\xa0\xba1\xc9\xf3$\xf9\xbeI\
\xae\x96\xfc\x08\x5c[\xba\x7f\xdek\xe12\xc9\xb3\x94\x5c\
\xba\x98\xa4\xbc\x1e~\x06\xd7P\xf7\xb8\xa6n\x92\xfb+\
y\x04\xba\x86I\xae\x95\xfc\x01\x5c5\xdd\xaax(\x5c\
&y\xa6\x92\x8f1Cs\x92\xc2q\xdd\xd1\x1d\xd0;\
&\xb9\xbf\x92\x0f@\xf7`\x92k%\x1f\x82kO\xb7\
*\x1e\x08\x97I\x9e\xa9\xe4\xc5\x08|Q1\x85q\xf2\
G\xe5\x10\xe3n\x8e%\x8fK\x1f\xeb\x07&\xf9\x0b\xe8\
\xaaYI^-}l+\xb7\x92\xaf\x82\xab\xa2[\x15\
\xc7Bf\x92g)\xb9\x0c0C\x1b\xf2\xb9\x1b\xe8\xf6\
mx\x02W#\xc7\x92\x17\xe4ck\x81I~\xc9\xff\
\xd5\xe5eBr\xcd\xf3\x98Rn%\x9fW\xee@Y\
\xa5\xbf\x14Ce\x92g+y\x07\x93t\x0f;\xea\xca\
\x17\xb4\xb7\xc0ud\x92{+\xf9\xc6\x01\xe8\xf6Lr\
&\xf9\x5c\xa4\xdc\x97\xb6\x0d\xaeW\xe12\xc9S\x95\x9c\
\xc0\x8f\xdbs\xa1\x05\xae\x15\xe5/\xf2`\x92\xfb+\xf9\
\x10t\xc3\xe0$\xaf9\x94|AD\x94\x07I\xa4\xfd\
\xbf\xbe\x14.\x93<S\xc9K)mm[d\xc9Z\
T\xce\xbet\xb3\x94\xbc\xf8}\x96\xf6L\xf2?\x92\x1f\
\x81.\x0eN\xf2m\x87\x92\x97\xf5 \xc4\xda\xd9\x97\x9f\
\xc2e\x92\xa7-\xb9\xfe\xf4\x88\xe4S\xaf\xda\x8b\x8a&\
\xb8\xaaYJ\xbe\x8cY\xaa\x9b\xe4\x7f$\xef\x81o%\
4\xc9\x8f\x1cJ\x1e\xe9\x7f\x9d\x91\xf6\xecy\x12.\x93\
<u\xc9\xf5f]H\xb2\x92\xf6U\x90o\xe0:5\
\xc9\xfd\x95\x5cZ\xa0\xfbi\x92\xab$\xdf\x02\xd7\x92\xf6\
\x8d\x90%\xe12\xc93\x95\x5c\x22\xcc\xd0X\xfd\xf8\xa7\
\xa0\xdd\xff\x07\xcb&\xb9\xbf\x92o\x82n)4\xc9\xfb\
\x0e%?\xd4\x8f\x93w\xb5\xab\xe2y\xe12\xc9\xb3\x95\
|?\x9d=\xca_\xc05P?2m\x9a\xe4\xfeJ\
~\x0d\xba\xa8\x18\x98\xe4{\x0e%\xdf\xd1\x8f\x93_i\
W\xc5e\xa12\xc93\x96\xbc\x95\xce'\xf6\xbb\xd0\xee\
\x9b2\x02W\xdf$\xf7W\xf2\x0a\xf8J&\xb9f\x9f\
\x9a\x82\xfa\x1c.\xd3\xf7X\xa9L\xf2l%?\xc1\x0c\
\xadK\xb2\xaa\xfa'\xdc\xb3G\xa2I\xee\xaf\xe4\xc5\x08\
tW\x81I~\xe9P\xf2S\xfd8yM}QW\
\x12*\x93<[\xc9\x0b\xe9lB\xdaR\x8f\x83\x0f\xd9\
?\xc5$\xf7Wr\x99\x03]!0\xc9\x9f\x1dJ\xde\
\x92d\xdf\xa0\x1e\x07\x1f\xf9\xf4\x22\x86I\xce\xf2w\x80\
\x19j\xab\xc7\xc9\xbf\x8b\xf6m\xd3\x81I\xee\xb1\xe4/\
\xe0\xbb\x0dK\xf2\x92C\xc9c\xbd\x07\x0d\xf5\xaa\xf8J\
\xb8L\xf2L%\xaf\x03)\xcc\x19\xf4@\xd6WO\xbf\
\xc4\xdeI^5\xc9'\x92_\x82\xaf\x16\x96\xe4o\x0e\
%?\xd1O\xd2\x5c\xa8W\xc5m\xa12\xc9\xb3\x95\xbc\
\xaa0Kq~\x9c\x9e$;\x05\xd7B\xd17\xc9\xe7\
L\xf2\x89\xe4\xbb\x0b3\xa0\x1b\x96\xe4\x1b\x0e%\x9fW\
\x8f\x93#>I\xb6C\x1f\xa6T&\xb9\x87\x92\x8f\xf4\
\x86\xea[\x91d\xdbn%\x1f\x98\xe4\x13\xc9\xa5\x00\xba\
\x9d\xb0$\xff\xe5\x95\xe4\xeb\xf8\xefE\xc2d\x92\xfb(\
y\x81\xbf\xc9\xcd\xc7\xef\x9e\xd7w+\xf9\xaaI\xfe.\
\xf91\xf8*AI^q(y\x81\xb8\xc9\x9d]\xb7\
\xc2d\x92{(y\xcc\x8f\x93\xf3\xf1{\xeb\xee\xb9\x95\
\xfc\xde$\x7f\x97\xbc\x06\xbeNP\x927\x1cJ~@\
\xcc\xa0e\xd7\x86\x10\x99\xe4>J\xbe\xaf\xff)\xfa\xd6\
}\x93\xbcm\x92\xbf\x9f\xe1\xaf\xe0\xab\x07%y\xd3+\
\xc9\x0f\xf1\xff\xab\x09\x93I\xee\xa1\xe4\x91$\x8a\xa1O\
/\xd5\xb3[\xc97M\xf2w\xc9e\x1ft\x0b\xbb&\
\xf9\x8c\x0f\xaa\x16\xe1\xa0\x17!2\xc9}\x94\x1c\xfc8\
9\x1f?\x89Ur+y\xd7$\x9f\x92\xbc\x0d\xbe~\
H\x92\xaf8\x94\xbc.\x89\x1ap\xd0\xa6P\x99\xe4\xfe\
K\xde\x83\x83\xcaEI46\xc9\xfd\x91|\x0b|\xe7\
!I\xfe\xeaP\xf2\xaa$\xea\xc3A#a2\xc9\x03\
\x90\xfc\x0d.\xeaI\xa2\x8a[\xc9\x8fM\xf2)\xc9\xc7\
\xe0k\x85$y\xcf\xa1\xe4s\x92\xe8\x1a\x0e\xda\x11&\
\x93<\x00\xc9kp\xd1\xb3$j\xb8\x95|h\x92O\
I^,\x83\xaf\x19\x90\xe4\x17\x0e%\x1fH\xa2'\xb8\
hQ\x88L\xf2\x00$\xef\xc0E\x8f\x92\xa8\xe9V\xf2\
'\x93|Jr\xa9\x83\xef: \xc9o\x1dJ\xbe\xea\
\xc389P\x11\x22\x93<\x00\xc9\xcf\x91A\xfc\xe9\xb5\
\xe2V\xf2\x1f&\xf9\xb4\xe4W\xe0[\x0dH\xf25\x87\
\x92/I\xa2\x03\xb8h[\x98L\xf2\xdf\xec\xdd\xd1K\
\x1bA\x10\xc7\xf1\x1f\xc3\xbd4\xf1h\x93\x94\xd2\xb4I\
-\x0d&\xd1\x84\xbc$\x9a\x90*H@\xa8\xa1FD\
\xa3\x82\x82\x0f\xfe\x01}\xae\xf4\x8f/\x94r\xed\x19-\
\x9b\x99\xb9\xee.\xcc\xf7\xbd\xc5&\xb9O\xcd\xde\xdcn\
\xf8\x92/\xe0\xa3Kz\xd4\xbe_\xc9/L\xf2Lr\
\xe6t\x7f\xfd(\x1e\xc9_y\x94\xfc2\x84qr`\
Bkd\x92G \xf9\x1e\xe4\xc9\xc1\xa33\xbf\x92\xdf\
\x9b\xe4\x99\xe4\x5c\xe9\xe6\xf1H\xbe\xedQ\xf2\xb1\xe0g\
QlJkd\x92G y\x1d>j\x92D<}\
\xc9'&\xf9\xdf\x92S\x09\xebw\x13\x8f\xe4\x95\x80$\
\xef\xc2KmZ#\x93<|\xc9\x8f\xe1\xa73\xca\xb7\
\xedW\xf2\x96I\x9e\x93\xfc\x0b\xd6\xafd\x92s\xfeU\
;\xf0R\x9f\xd6\xc8$\x0f_\xf2\x06\xfc\xf4\x83\xf2\xa5\
~%\xaf\x9a\xe49\xc9\xab`t\x1c\x8d\xe4\xa9G\xc9\
\xa7!\x8c\x93\x03\xa8\x90{&y\xf8\x92oA\x9c\x0e\
\x9d#\xaf\x92\xcfL\xf2Lr6\xbd\xd5h$\xa7\xb2\
\x8a\xe4m\x8dG\x17>\xc0O]r\xce$\x8f@\xf2\
+\xf8\xe9\x82\x1e\xb5\xe7U\xf2\xb7&yNr\xea`\
\xfd\xc6\xf1H>\x02\xa3\x8f*\xf3\x83_)\xdf\x18~\
\x9a\x91{&y\xf8\x92\x7f\x81\x9f\xc6*WEUk\
,\xa1k\x92\xe7%\xbf\xc4\xfa\x8d\xd2h$\x1f\xaa|\
\xda\x120\x9a\x041N\x0e\xb4\xc8=\x93<|\xc9\x17\
\xf0\xd3\x80\x1e\xb5P\x92|\x03\x9c\xbe\x99\xe4y\xc9\xaf\
X\x7f8\x1a\xc9K`tK\x8f*i\x08\xda\x81\x9f\
\xbe\x90s&y\xc1\x92/\x15$?\x80\x9fF\xf4\xa8\
O\x82\x87\xfe\xe5tn\x98\xe4y\x8c\x1b`t\x1f\x8d\
\xe4\x03\x95\x93\xae\xf6\x14>\xb3\x15xj\x93\xdc3\xc9\
\x8b\x95<\x01\xa7\x10\xc6\xc9\x01\xbc\xa1|\xe7`t\xab\
\xb5\xa5Fj\x92\xe7%?\xaac\xfd\x96\xd1H\xbe\xa9\
\xb2\x1eq\xa8\xb0\xda\xde\x83\xa7\x86\xe4\x9eI^\xac\xe4\
\x07r\xc9\xcf\xe0\xab\xef\x94\xef\x1e\x8cN\x94\xb6\xb9\x1b\
\x91I\x9eI\xce\x9f\xcb(o\xc4\x22\xf9k\x95\xc7\xc7\
\xfa`4\x0bb\x9c\x1c\xc0\x119g\x92\x17+\xf9P\
.\xf9w\xf8jKc\xac\xb6\xa5\xb4\xf5\xf4\xd0$\xcf\
$\x97\x0c\xc7\xed\xc6\x22\xf9Xe\xf1h\xa4\xb0\xa9\xc1\
-|\xd5#\xe7L\xf2b%\xef\xcb%\xdf\x85\xaf&\
\x1a\xfb\xa4_)\x1d\x07\x93\x98\xe4\x8f%\x9f\x81\xd14\
\x16\xc9\xa7\x1a\xf3\x83TWx&\xee+|\xb5C\xce\
\x99\xe4\xc5J\xde\x04\xa7 \xc6\xc9\x81S\x8d\x87\x96'\
Jhl\x9a\xe4\x99\xe4\x92\x1f\xfc0\x16\xc9\xcf\xc1\xe8\
F\xe5\x13\xd2\x0dc\x9c\x1c8!\xe7L\xf2B%\xdf\
\x86\x5c\xf2\xcf\xf0U[\xe3 \xcf{\xa5\x17\xf7\xd2$\
\xcf$\x17\x0df\xf4\x22\x91\xfcB\xe3\xe9\xccT\xe3\xe0\
\xc3%|uN\xce\x99\xe4\x85J\xde\x05\xa7\xba\xf4\xce\
OA\x07\x09\xd6\x04W\xa9\xf8r\x9f\x9a\xe4+\x92O\
\xc1\xa8\x15\x89\xe4'\x1a\x13\xd8\x15\x8d\xfdN\xfa\xf0\xd5\
\x82\x9c3\xc9\x0b\x95|Ga\x90\xbb\x04omS\xae\
\x8a\xe0\xda\x92\xaf\xd2\x98\xe4+\x92_\x83\xd1\x8bH$\
\xdf\x02\xa3\xa9\xc6\x97\xe2z \xe3\xe4\xc0\x1e9g\x92\
\x17*\xf9\x89\xc2n\x96Mx\xab\xabp\xffv\xact\
\x8dn\x99\xe4+\x92\xf7XNU\xe2\x90\xfcN\xf2\xf3\
\xc8n%\x042N\x0e\x94Sr\xcd$W\x97\x5c~\
\xa9\x0e\xe5\xce\xe8\xb4K\xf9\xda:_\x10\xafY~\x99\
\xe4\xbfk\x08g\xecv\xe2\x90\xbc\xab\xb1W\xd0\x99\xc2\
\x07d\x0e\x7f}#\xd7L\xf2B%/\x81\xd3\x01\xfd\
\xd5\x03\xfcu\xa50\x18\xb6\xa4\x95Z`tf\x92g\
\x92\xcb\xee\xa1\xbc\x8fC\xf2c\x8d\xb3\x94\xbf)\xac?\
]\xc3_sr\xcd$/R\xf2c\xb0J\xc2\x18'\
_]u\x9c\xe8\x1cS\xf3\x95\xb5vi\x92\xafJ>\
\x01\xa3\x838$?\x02\xa3\x85\xc6\xb8\xd58\x94qr\
\xe0\x96\x5c3\xc9\x8b\x94\xbc\xaa\xb0\x09a\x0b\xfe\xda\xa4\
|\xbb\x82\xe3@\x85;q\x95L\xf2Lr)\x9c\xfb\
QHN#\x85\xf7v\xa60\xfb\xf7\x09\xfe\xba!\xd7\
L\xf2\x22%\x1f(\xccq\x9f\xc3_\x87\x0e\xaf\x0a\xe3\
\x1dms\xe04\xc9\x9f\x90\xbcR\x06\xa3\xeb8$O\
\x14\x8e\xbe\xbcVx\x1e\xa7\x0d\x7f\xbd$\xc7Lr}\
\xc9\xe5\x0bl\x8b0\xc6\xc9\x01T\x14f\xba\xba\xa4\xb1\
?\xdd\xb9I\x9eI.\xfd]\xe12\x0e\xc9?a\xfd\
\xca\x0a\xeb\x81\xb8\x0be\x9c\x1c(\x91k&yq\x92\
?t4\xfe#N\xe0\xb1\x1e\xe5\xebh\x1ca\x95r\
\xfcm\x99\xe4\x99\xe4\xd2\xbfa\x94F!\xf9\x95\xc2N\
\xcc\x9f\xe57\xd7\x8f\xe0\xb1:\xb9f\x92\x17&y\xab\
\x0ef\xd3@\xc6\xc9W\x15^j<\xd2\xd3\x03\xa3\x99\
I\x9eI.\xbe\x1f\xfe#\x0a\xc9w\x14\xbe\x01\xb6\xe5\
\x8f6\xd7\xe0\xb3}r\xcb$/H\xf2\xda\xc5P\xe7\
(\xe4W\xe0\xd4\x99\xaf\x96(\xfc&|\xaa1P~\
\x0bF=\x93<\x93\x5c<\x1du\x11\x85\xe4\xfb\x0a\x87\
D4\xb1~m\x8dq\xf2\xe5|\xb5&\xeb\x1cr\xc7\
Lrm\xc9\xb7k;\x93\xf1\x81\xda\xe8\xd1;\x88\xb1\
\x12\x1c\xe0\xfbY\xe1\x0bo3U\xd8x\xba\x99\x9a\xe4\
\x99\xe4\xe2\x0d\xf0\x07QHN#\xf1\xb0|M\xe1n\
WU\xf4\xbdZ\xfa^U\xc9-\x93\x5cU\xf2~\xd2\
/+\xafi\xcc\xd4\x0e\x00\x9c*\xfc>}\xa7\xf0L\
a\xa5\x83\xf5k\x93I\x9eI.\x1f\x91{\x13\x85\xe4\
m\xf1\x83h-\x85\xd1\x9e\x0b\xb5\x7fR\x82\xf5\xfbJ\
n\x99\xe4r\xc9\xf5{\x10\x8f\x93\x8fi\xb5\x0fX\xbf\
=\x8d\x0d\x89\x06\x0aW\xc6\x8dI\x9e\xd5\x90\x9fg\xb3\
\x15\x85\xe4\x17\xd2\x85\xf2t\xa8\xb04}\x0aNWJ\
'\x93\x8e\xc9-\x93<D\xc9\xf7\xc5\x17\xfb9\xad6\
\xd1\xd8\xc1\xa7$\x9e\xcf\xed6Y\xf4\x98\xe4Y\x0d\xf9\
\xbe\xc9\xa7QH\xfeN\xfa\xbe\xb44>\x1emp\xaa\
*\x9dg\x97\x90[&y\x88\x92\xa7\xc2\xd5\xed\xecx\
\x07\xf9\x8d\xc6\x1a\xe5\x9bJ\x7f\x9c\xb7#p:6\xc9\
\x9f\x96<m\x82Q?\x0a\xc9\xe9P\xb6\x8drU\xe5\
v\xf0\xa1\xda\xb9m_\xb0~Mr\xcc$\x0fO\xf2\
\x8e|\x9c\xfc\x96V\xdb\xd5\xf8@V\xc1*\xb9\xdd\xf8\
\xc5\xce\xdd\xb8\x0cN%2\xc9\x9f\x96\x9c\x16\xe0\xd4\x8d\
B\xf2spZ\xee\xa6DD\x8d\x97Pxy\xe9\xa8\
\x0cN\xdf\x95\xd67qFN\x99\xe4\x01J>\xc8\xdf\
\xbf\xd7:@}\xaeq\x90\xe01\xb8\x8d\x92\xf6\xb0\x0c\
f7&\xf9s\xd4\xdc\x83\xd3U\x14\x92\xcf\xc1\xab<\
l\x1f\xd4}\x1e\x94\x05\xd4\xb4\x1euj\x90[&y\
x\x92O\xe9O\x1b\x00\x94\xa6P\x1f\xb8;\xa0\x06p\
\x82\xd1\xdc$\xffSCA\xbb\xcd($OG\x10&\
\x1f\x1f\xbc\x13\x1d\xb7%\xdf\xbd\xe3#9e\x92\x07(\
\xf9\x89\xf8\x86\x16z\xb4ZM\xc5\xab\x1bx\xa8\x9f\x9a\
\xe4\xcfI\xbe]\x06\xa3\xfav\x0c\x92\xd3\x14\xff\xbd\x1f\
*\xeb\x89e\xd2Z\xdf\xbc'\xa7L\xf2\x00%o\xe4\
\xc7\xc9\xb5\x16\xd7\xde\xa8\xece\xfd\x16\x1ezO&\xf9\
s\x92S\x02N\xb3($\xefB\x90`iS\xbcz\
\xd5W[,\xfaDn\x99\xe4\xc1I^\xae\x88\x0f\x02\
EJ\xab\xa5`TO\xe5\xf3\x04\xf2\xba&y^r\
\xf9m\xc1\xcfQHN\x0b\xc8\x92/f\x9c\x82S\xa2\
\x86\xca\x80\x9c2\xc9\xc3\x93\xbc$_\xcc\x18\xa9=\xfc\
\x8c}\xf1\x0dxy\x032\xc9\x9f\x97|\x0b\x9c\xf6\xe2\
\x90\xfc\x0e\xff\xb7\xfe\x11=j\x13\x92\x03\xe4\xe4G\xd1\
u\xc8-\x93<8\xc9O\xf3\x9b\xa5\xe8\x9d\xef5\x04\
\xa3;\xff_x13\xc9\xff!\xf9>X\xd5\xa2\x90\
\x9c\x12\x88\x92\xafJ\x0f\x85\xaf\x8bx|a\x83\x5c2\
\xc9\xc3\x93\xfcD~\xeaP\x9b\x9ej\xa0s\xbe\xcc\x12\
\xff\xb9\x84L\xf2\x9f\xec\xdd]O\x1aA\x14\xc6\xf1\x93\
'\xdcT\xbai\x17\x0dq-TR#\xf2\x16n\x90\
\x97XL\x8c\x89\x09\x1a\xa01`5\xa1\x89\x17\xfd\x00\
\xbd\xae\xe9\x87\xef\xb5\xcd\xc8\x8e\x87\xb3\xb8\x93>\xbfO\
 \xea\xfea\x0f;3kJ\xae\x9cw\xcd\xc2(\xf9\
\xb1lSRvm\xa6ou0J$\x1a\x07\xf0\xc1\
\x92\xe7\xaf\xe4O\x9b?N\xfe\x1d.\xefl.\xb2K\
\xd9\xb2>K\xbe\xb6\xe4C\xd1\xd8\x0b\xa3\xe4\xd1@t\
\x8c~\x90\xb1\xa8\x8c\xec\xe6\x9b\xc7\xf0\xc1\x92\xe7\xae\xe4\
\x9d\xe7;V\xa9L\xe024zS8\x97\xad\xaa\x83\
%_[\xf2\x99hT\xaf\x82(9Z\xb2=\x9d&\
\xfe\xb5oy&\xfe@\x14F\xf0\xc2\x92\xe7\xad\xe4g\
\x06C\xe9)\x5c&F\xa3\x8d\x92lS\xb1\xc1\x92\xaf\
/\xf9\x93\xa8<\x86Qr|\x17\x15\xa3U85\xcb\
\xfb\xc8\xae.\x08>X\xf2\xdc\x95\xbce\xf0\x81\xe4\x08\
.S\xb1\xd9\xc1'*\xc8\x16}\x02K\xbe\xbe\xe4Q\
U4\xa6\x81\x94|\xacxyvw\x7f?Ee\xdf\
\xee\x99\xca:\xbc\xb0\xe49+y'\xc2\xe6\x8f\x93\xd7\
\xecN\xb8\x95\xdb\xb7}4\xec<f\xc9SJ\x8eC\
\xd1(\x04Rr\xdc\xcbv\x14\x0f\xecV\x99\xb6\xed\xe6\
\x9b\x1d\xf8`\xc9\xf3V\xf2\xa9\xc5\xda\xf8\x16\x5c\x1e\xcc\
N\xef\x1d\xca\xb6$\x07`\xc9\xd3J\xbe\x14\x95\xdb@\
J\x1e\xed\xc8VL\xe0p(*e\xbb\xf9\xa6\xc4\xf0\
\xc0\x92\xe7\xac\xe4\xc5_\x16\xc9t\xe7\xafo\xb6e\xfe\
\xf8T\xb6d\x06\x96<\xb5\xe4-Q\xa9\x05RrT\
\x8a\xb2\x05;1\x1c\x06\xa2\x12\xd9\xcd7\xa5\x01\x1f,\
y\xbeJ~\x86g\xba\xa226\x5c/\xb7T\xbc)\
\x98\x19\x82%O/\xf9{Q\xf9\x12J\xc91\x93\xec\
U\xdbp\x88\x8ab\xb80\xf3H4.\xe1\x81%\xcf\
W\xc9\x8b\xbbx\xe6DTb\xc3\xd74T\xdc'Z\
\xa9_\xb1\xe4\x1e%\xc7\x8e.7\xc1\x94\x1c\xdf$s\
}\xb8\x8cE\xe5\x1cN%\xd1\xb8\x87\x07\x96<_%\
_\xe1\x99XT\x128\xfd2\xdc\xf4$.H\xf6\xce\
?\x82%\xf7)\xf9DT\x9e\x82)y\xdc\x95\x8c\xad\
\xe0\xf4\xc7t\x0dD_9\xbf\xf7\xc0\x92\xe7\xaa\xe4\x17\
1\x9ei\x8bJ\x0fNM\xc3\xdd\xb80\xbe\x90\xac\xf5\
~\x81%\xf7*yMTF\xc1\x94\x1c\xe3\x13\xc9T\
=\x82SMT\xbe[\xee\x07v\x08\x1f,y\x9eJ\
\xde\xb2\xf9*\xabk\xd9=)\xc3\xa9Q\x95l\xf5\xc6\
`\xc9\xfdJ\xbe\xab\xccW8%\xc7~Q2\xb4S\
\x86\xdbHT&\x96\xdb\xad\xf7\xe0\x81%\xcfS\xc9\xa7\
\x8e\xe3\xf05\xe6p;Q\x9e-\xebv\x93H\x96\x06\
c\xb0\xe4\x9e%GG4\x8a\xcdpJ\x8e\xcbD2\
S(\x1b\x1fZ\xb4\x84\xe5\xd4\xfd\x0a\x1eX\xf2\xfc\x94\
|\x1e\xd9<\xb5$\xdf\xe06\x10\xd3\x1d|\x1e\xab\x92\
\x9d\xc25Xr\xef\x92\x7f\x17\x95~@%\xcf\xf0\xdf\
\xad\xfbrt\xde\x99><\xdb\x14\x956<\xb0\xe4\xb9\
)y=\xb6Z\x81\xb3\x82[Wlw\xf0\xf9}\x22\
Y\xd9\x8b\xc1\x92\xfb\x97\xfcHT&!\x95\x1c\x95S\
\xc9D\xb7\x89\x17\x0dD\xe5\xd8t\xbe\xd9\x82\x07\x96<\
/%\xbfk\xc2j+\xf0{\xd3\xa3\xb4\xbe\xe1E\xed\
\x9ed\xe3S\x04\x96\xfc\x15%\xaf\x88J/\xa8\x92\xa3\
\xd1\x91\x0c\xd4\x9bxY\x22*7\xa6\xf3\xcd\x19<\xb0\
\xe49)\xf90\x86\xd5\xf8SJp\xfbb\xbe\xab\xec\
\xc7\xb9d\xa0Z\x03X\xf2\xd7\x94\xfcJY\x9cvP\
%\xc7\xee@\xccMb\xbc\xecZt\x0e\xe0v.\x1a\
\x0b\xa4c\xc9\xf3Q\xf2\xe4\x1e\x0e\xb1\xf1ii_\xc5\
\xfe \xc1\xa9\x98+\xec\x82%\x7f]\xc9Q\x17\x95Y\
X%G|&\xb6N\xfbX\xa7\x22:c\xb8\xdd\x89\
\xc6\x1c\x1eX\xf2<\x94\xbc\xdb\x80K[t*p[\
\x8aJ\x13\xeb\xb4zbkq\x05\x96|\x9d\x8a\xdd\x1b\
\xea<\xb0\x92\x03\xfd\x131T\x1fc\xadc\xd1\x89M\
\xe7\x9b\x03x`\xc9\xdf\xbe\xe4\x175\xe3\xe3Rv\xe1\
v$Y\xec\xe0\x13/\xc4\xd0\xf9>\xc0\x92\xbf\xba\xe4\
\x97\xa2\x92\xc4\xa1\x95\x1c\xb7s\xb1R\x9cFXo$\
*U\x98\xce7\x8b\x11R\xb1\xe4o^\xf2n-\xc2\
\x0b\x1e\xc4E\xff;,\x89J\x1f)\xf6\x0bb$Y\
^\x81%W\x94\xbc,:7\xc1\x95\x1c\x98\x9d\x8a\x89\
\xfao\xa4\x99\x88\xedZ\x9e\x85\xa8\xec\x22\x1dK\xfe\xa6\
%\xef\x8e\x1a\xf63\xe8\x22^p)Y\xed\xe0S\x1b\
\x88\x85\xbd6\xc0\x92kJ\x8esQY\x05Xr4\
\x97U\xd9\xd8\xce%\xd2\xcdE\xa5\x0b\xdb\xf9\xe6\x0d<\
\xb0\xe4oS\xf2\xe2`\xefg\xeb=\xd6\xfabp\xa6\
\xb3\xe22\xd3\x1c$\x18\xcd.dS\x87\x15\x80%W\
\x96\xfcL\xd9\xb3\x10K\x0e\x94W\x89l\xa4\xf3\x10\xc1\
\xc3\xb9\xa8\xec\xc1v\xbe\xf9\x03\xa9X\xf2\xad\x97\xfc\xe4\
\xee\xcb\xf2\xe1\xf1W\x84tw\xea\xab\xd3\xad\xa1,,\
|D\xc7]\xd9\xc4\xbbG\x80%W\x97\xbc$:\xe3\
 K\x0e\x5cO\x12Q\xeb\x8dbxI\xb4\x8b\xacm\
\xe7\x9b+\xa4b\xc9\xb3)y1\xa9\x9e\x9etz\x83\
\x9dB\xa1{W?\xdc\xfb\xb6X\x1e=\xf4o\x9ev\
\xcbW\xf0\xd71.\xefXT.\xe0\xa9rv*:\
\xa7\x8b6\xc0\x92oP\xf2\xb6\xe8\x94\x02-9\xf0\xfe\
\xc7\x9dh$\xc3\x1bx\xba\x15\x9d\x95\xf1|\xf3\x03R\
\xb1\xe4d)\xee\x0f\x13y\xad\xe2\xbc\x14\x83\xe8\xd5v\
\x97=y\xa5\x9d\xa32\x88%\xa7Tqk\xb1#\xfe\
\x92\xbd\x12\xff\xe4\xa4\xf6\xb8\xea\x16\xc5Su~\x7f\x00\
b\xc9\xc9\xd7u\xedS\xbd*\xa9\xaa{\xa3}~\x1a\
\xa7\x0d5[\x9f\xefRk\x9e\x1c\x8e\xfeD \x96\x9c\
^)j\x1f\x8f\xce\x0e/\xc4))\x0cG\xfd6\xaf\
,2\xd2\xdc/M\x87\x85\xaa8t\xeag\xf7\xfd\x06\
?1\xb0\xe4\xb4\x89\xab\xeb\xc6c\xff\xc7\xe8\xe7t\xb5\
\x98L>M\x7f\xde\xcf\x8e\xf7\xdb\xefA\x94\x81\xdbJ\
\xab_\xfbq\xbf\x5cM\x16\xd3\xd1\xd1\xc3\xf1\xe5c\xa3\
\x09b\xc9\x89\x88\xfe7,9\x11Q\xe8Xr\x22\xa2\
\xd0\xb1\xe4DD\xa1c\xc9\x89\x88B\xc7\x92\x13\x11\x85\
\x8e%'\x22\x0a\x1dKND\x14:\x96\x9c\x88(t\
,9\x11Q\xe8Xr\x22\xfa\xcbN\x1d\x90\x00\x00\x00\
\x00\x08\xfa\xff\xba\x1d\x81\x8e\x90;\x93\x03\xdc\x99\x1c\xe0\
\xce\xe4\x00w&\x07\xb839\xc0\x9d\xc9\x01\xeeL\x0e\
pgr\x80;\x93\x03\xdc\x99\x1c\xe0\xce\xe4\x00w&\
\x07\xb839\xc0\x9d\xc9\x01\xeeL\x0epgr\x80;\
\x93\x03\xdc\x99\x1c\xe0\xce\xe4\x00w&\x07\xb839\xc0\
\x9d\xc9\x01\xeeL\x0epgr\x80;\x93\x03\xdc\x99\x1c\
\xe0\xce\xe4\x00w&\x07\xb839\xc0\x9d\xc9\x01\xeeL\
\x0epgr\x80;\x93\x03\xdc\x99\x1c\xe0\xce\xe4\x00w\
&\x07\xb839\xc0\x9d\xc9\x01\xeeL\x0epgr\x80\
;\x93\x03\xc4N\x1d\xd3\x00\x00\x02\x01\x10[\x98\xd0\x83\
\x7fmX` \xf9\x5c\xd2\x8ah\x9d\xc9\x01\xeaL\x0e\
Pgr\x80:\x93\x03\xd4\x99\x1c\xa0\xce\xe4\x00u&\
\x07\xa839@\x9d\xc9\x01\xea\xbeL\xbe\x17\x00c\xce\
\xc3\xe4\x00\xb4\x99\x1c\xa0\xce\xe4\x00u&\x07\xa839\
@\x9d\xc9\x01\xeaL\x0ePgr\x80:\x93\x03\xd4\x99\
\x1c\xa0\xce\xe4\x00u&\x07\xa839@\x9d\xc9\x01\xea\
L\x0ePgr\x80:\x93\x03\xd4\x99\x1c\xa0\xce\xe4\x00\
u&\x07\xa839@\x9d\xc9\x01\xeaL\x0ePgr\
\x80:\x93\x03\xd4\x99\x1c\xa0\xce\xe4\x00u&\x07\xa83\
9@\x9d\xc9\x01\xeaL\x0ePw\xdb\xa9c\x1a\x00\x00\
\x00\x04@\x87\xd1\xec\xdf\xc9\x1cn\x10\x02\x93\x03\xbck\
\x00\xb86\xcc\xe1!\x06\xd2\x9f\x95\xd9\x00\x00\x00\x00I\
END\xaeB`\x82\
"

qt_resource_name = b"\
\x00\x03\
\x00\x00p'\
\x00i\
\x00l\x00g\
\x00\x05\
\x00P7\xd5\
\x00I\
\x00m\x00a\x00g\x00e\
\x00\x0d\
\x0a\x1b\x11g\
\x00l\
\x00o\x00g\x00o\x00-\x00h\x00u\x00s\x00t\x00.\x00p\x00n\x00g\
"

qt_resource_struct = b"\
\x00\x00\x00\x00\x00\x02\x00\x00\x00\x01\x00\x00\x00\x01\
\x00\x00\x00\x00\x00\x00\x00\x00\
\x00\x00\x00\x00\x00\x02\x00\x00\x00\x01\x00\x00\x00\x02\
\x00\x00\x00\x00\x00\x00\x00\x00\
\x00\x00\x00\x0c\x00\x02\x00\x00\x00\x01\x00\x00\x00\x03\
\x00\x00\x00\x00\x00\x00\x00\x00\
\x00\x00\x00\x1c\x00\x00\x00\x00\x00\x01\x00\x00\x00\x00\
\x00\x00\x01\x96^|3\xd4\
"

def qInitResources():
    QtCore.qRegisterResourceData(0x03, qt_resource_struct, qt_resource_name, qt_resource_data)

def qCleanupResources():
    QtCore.qUnregisterResourceData(0x03, qt_resource_struct, qt_resource_name, qt_resource_data)

qInitResources()
